query,ground_truth,generated_answer,faithfulness,correctness,relevance,singapore_relevance,faithfulness_scores,correctness_scores,relevance_scores,singapore_relevance_scores,reasoning,feedback
Why is the MAS's exchange rate policy more effective than interest rate policy for Singapore?,"As a small and open economy, Singapore is a price-taker with a high dependence on imports and exports. Interest rate policy is ineffective due to perfect capital mobility (interest rate parity), while the exchange rate directly manages imported inflation and export competitiveness.","Certainly! Here is a comprehensive, well-structured answer to the student's question, using only the provided context and proper economics terminology:

---

## Why is the MAS's Exchange Rate Policy More Effective Than Interest Rate Policy for Singapore?

### 1. **Singapore’s Economic Structure and Exchange Rate Policy**

Singapore is a small, open economy with a high degree of import reliance and a significant share of trade relative to its GDP (trade volume is close to 4 times GDP). This means that Singapore’s economy is highly sensitive to external shocks, particularly those originating from global demand and commodity prices. As a result, the Singapore dollar (SGD) plays a crucial role in the country’s economic stability and growth.

#### **a. Why Exchange Rate-Centred Monetary Policy?**

- **Export Competitiveness:** Singapore’s economy is heavily dependent on exports. A strong SGD can make Singaporean exports more expensive for foreign buyers, potentially reducing export demand. Conversely, a weaker SGD can make exports cheaper and more competitive internationally.
- **Import Price Inflation:** Singapore relies heavily on imported goods and raw materials. A weaker SGD increases the cost of imports, which can lead to higher domestic inflation. By managing the SGD, MAS can help keep imported inflation in check.
- **Managed Float Regime:** MAS targets the Nominal Effective Exchange Rate (NEER) within a undisclosed policy band. This allows MAS to adjust the SGD’s value in response to economic conditions, aiming to balance export competitiveness and imported inflation.

#### **b. Limitations of Interest Rate Policy**

- **Interest Rate Sensitivity:** Interest rates affect borrowing and saving costs, but their impact on Singapore’s economy is muted due to its small size and openness. Changes in domestic interest rates may not be fully transmitted to the real economy.
- **Limited Policy Space:** Singapore’s monetary policy is constrained by its small capital markets and limited domestic savings. Large changes in interest rates could lead to capital outflows or instability.
- **External Shocks:** Singapore’s economy is highly susceptible to external shocks. Interest rate policy alone may not be sufficient to offset the effects of global economic downturns, commodity price volatility, or changes in global demand.

### 2. **How Singapore Manages Its Exchange Rate in Different Economic Situations**

#### **a. During Economic Downturns or Global Recession**

- **Weaker SGD:** MAS may allow the SGD to depreciate to boost exports and stimulate economic activity. A weaker currency makes Singaporean goods cheaper for foreign buyers, potentially increasing demand and supporting domestic businesses.
- **Import Inflation Control:** However, depreciation can also lead to higher import prices, increasing inflation. MAS must carefully manage the extent of depreciation to avoid excessive inflation.

#### **b. During Economic Boom or Inflationary Pressures**

- **Stronger SGD:** MAS may allow the SGD to appreciate to curb inflation. A stronger currency makes imported goods cheaper, helping to keep domestic prices stable.
- **Export Competitiveness:** Appreciation, however, can reduce the competitiveness of Singaporean exports. MAS may need to implement complementary policies, such as wage moderation or productivity improvements, to offset the negative impact on exports.

#### **c. During Currency Crises or Speculative Attacks**

- **Intervention:** MAS may intervene in the foreign exchange market to stabilize the SGD’s value, preventing excessive volatility and maintaining confidence in the currency.

### 3. **Impact of Exchange Rate on Macroeconomic Objectives**

#### **a. Economic Growth**

- **Exports and Imports:** Exchange rate policy directly affects the competitiveness of Singapore’s exports and the cost of imports. A managed exchange rate helps to maintain a balance between promoting exports and controlling imported inflation, supporting economic growth.
- **Investment:** A stable and predictable exchange rate environment can attract foreign investment, as it reduces currency risk for investors.

#### **b. Price Stability**

- **Imported Inflation:** By managing the SGD’s value, MAS can help to keep imported inflation in check, contributing to overall price stability.
- **Inflation Expectations:** A credible exchange rate policy can help anchor inflation expectations, which is crucial for long-term economic stability.

#### **c. Balance of Payments**

- **Trade Balance:** Exchange rate policy can help to improve the trade balance by making exports more competitive and imports more expensive.
- **Capital Flows:** A stable exchange rate can reduce the risk of sudden capital outflows, which can destabilize the economy.

### 4. **Conclusion**

In summary, MAS’s exchange rate policy is more effective than interest rate policy for Singapore due to the country’s small, open economy structure, high import reliance, and significant trade volume relative to GDP. Exchange rate policy allows MAS to directly influence export competitiveness and imported inflation, which are critical for Singapore’s economic stability and growth. While interest rate policy has its role, it is limited by Singapore’s economic characteristics and external vulnerabilities. Therefore, a managed float exchange rate regime, combined with complementary policies, is the most appropriate monetary policy approach for Singapore.

---

**If you need further elaboration or examples, feel free to ask!**",8,7,9,7,"[8, 8, 8]","[7, 7, 7]","[9, 9, 9]","[7, 7, 7]","Judge 1: The generated answer is mostly faithful to the provided context but is somewhat redundant and lacks a clear, direct structure. It uses relevant Singapore-specific terminology (e.g., MAS, SGD, NEER) and discusses trade, inflation, and exports as expected. However, it does not address the core theoretical reason why interest rate policy is ineffective for Singapore, which relates to perfect capital mobility and interest rate parity. Additionally, while the answer mentions MAS’s currency regime and trade considerations, it does not explicitly state the constraints on interest rate policy as a result of Singapore’s high degree of capital mobility and the fact that its domestic interest rates would quickly converge to global levels. The answer also repeats some ideas, making it slightly less concise. | Judge 2: The generated answer is mostly faithful to the provided context but is somewhat redundant and lacks a clear, direct structure. It uses relevant Singapore-specific terminology (e.g., MAS, SGD, NEER) and discusses trade, inflation, and exports as expected. However, it does not address the core theoretical reason why interest rate policy is ineffective for Singapore, which relates to perfect capital mobility and interest rate parity. Additionally, while the answer mentions MAS’s currency regime and trade considerations, it does not explicitly state the constraints on interest rate policy as a result of Singapore’s high degree of capital mobility and the fact that its domestic interest rates would quickly converge to global levels. The answer also repeats some ideas, making it slightly less concise. | Judge 3: The generated answer is mostly faithful to the provided context but is somewhat redundant and lacks a clear, direct structure. It uses relevant Singapore-specific terminology (e.g., MAS, SGD, NEER) and discusses trade, inflation, and exports as expected. However, it does not address the core theoretical reason why interest rate policy is ineffective for Singapore, which relates to perfect capital mobility and interest rate parity. Additionally, while the answer mentions MAS’s currency regime and trade considerations, it does not explicitly state the constraints on interest rate policy as a result of Singapore’s high degree of capital mobility and the fact that its domestic interest rates would quickly converge to global levels. The answer also repeats some ideas, making it slightly less concise.","Judge 1: To improve, the answer should more directly state the impact of capital mobility on interest rate policy effectiveness and explicitly mention Singapore’s perfect capital market status as the reason interest rate policy is limited. A brief, clear point explaining 'interest rate parity' could strengthen the argument and distinguish it from the Ground Truth. | Judge 2: To improve, the answer should more directly state the impact of capital mobility on interest rate policy effectiveness and explicitly mention Singapore’s perfect capital market status as the reason interest rate policy is limited. A brief, clear point explaining 'interest rate parity' could strengthen the argument and distinguish it from the Ground Truth. | Judge 3: To improve, the answer should more directly state the impact of capital mobility on interest rate policy effectiveness and explicitly mention Singapore’s perfect capital market status as the reason interest rate policy is limited. A brief, clear point explaining 'interest rate parity' could strengthen the argument and distinguish it from the Ground Truth."
"Explain how the ""Productivity Solutions Grant (PSG)"" acts as a supply-side policy in Singapore.","The PSG reduces the marginal cost of technology adoption for firms, shifting the Long-Run Aggregate Supply (LRAS) curve to the right by increasing capital productivity and potential output (Yf).","**How the Productivity Solutions Grant (PSG) Acts as a Supply-Side Policy in Singapore**

---

### 1. Definition of Supply-Side Policy

A **supply-side policy** is a government intervention designed to increase the productive capacity of an economy. These policies aim to enhance the efficiency and output of goods and services, often by improving the factors of production (such as capital, labor, and technology).

---

### 2. PSG as a Supply-Side Policy

#### a. Direct Support for Capital Deepening

- **Capital Deepening** refers to the process of increasing the amount of capital (such as machinery, equipment, or technology) per worker in an economy.
- The PSG provides up to 50% funding for SMEs to **procure equipment or digitalise** their operations.
- By subsidising the cost of capital, the PSG encourages firms to invest in new machinery or adopt digital solutions, thereby increasing their productive capacity.

#### b. Enhancing Productivity

- **Productivity** is defined as the amount of output produced per unit of input (usually per worker).
- By acquiring new capital or digitalising their processes, firms can produce more goods and services with the same amount of labor, thus **increasing labor productivity**.
- This leads to higher output per worker, which is a core objective of supply-side policies.

#### c. Improving Quality of Workforce

- The adoption of new technology or machinery often requires workers to acquire new skills.
- As a result, the **quality of the workforce** improves, as workers become more efficient and adaptable.
- This further enhances the productive capacity of firms and the economy as a whole.

#### d. Encouraging Innovation and Competitiveness

- By supporting the adoption of new technologies, the PSG fosters an environment conducive to **innovation**.
- Firms that invest in productivity-enhancing technology are better positioned to compete globally, which contributes to Singapore’s **global competitiveness**.

---

### 3. Economic Impact

- **Increased Output:** Firms that invest in PSG-supported projects can produce more goods and services, leading to higher national output.
- **Job Creation:** As productivity increases, firms may expand their operations, potentially leading to **job creation**.
- **Long-Term Growth:** By enhancing the productive capacity of firms, the PSG contributes to **sustained economic growth** over the long term.

---

### 4. Limitations and Considerations

- **Targeted Support:** The PSG is specifically designed for SMEs, which are often more resource-constrained than larger firms.
- **Effectiveness:** The success of the PSG depends on how effectively firms use the funding for productivity-enhancing purposes.
- **Potential for Misuse:** There is a risk that some firms may use the grant for non-productivity-related expenses.

---

### 5. Conclusion

In summary, the PSG acts as a supply-side policy in Singapore by providing financial incentives for firms to invest in productivity-enhancing technology and capital. This directly increases the productive capacity of firms, enhances labor productivity, and improves the quality of the workforce. As a result, the PSG contributes to higher national output, job creation, and sustained economic growth, aligning with Singapore’s broader supply-side policy objectives.",9,10,10,8,"[9, 9, 9]","[10, 10, 10]","[10, 10, 10]","[8, 8, 8]","Judge 1: The generated answer demonstrates a strong understanding of supply-side policy and applies the concept clearly to the PSG in Singapore. It correctly identifies capital deepening, labor productivity, and innovation as the core supply-side mechanisms, and provides logical arguments for each. The answer is relevant and carefully frames the discussion within the H2 Economics syllabus. However, the explanation could have deeper engagement with Singapore-specific constraints (such as the Small and Open Economy, high MPS/CPF, and role of MAS S$NEER), which would further improve the Singapore relevance score. | Judge 2: The generated answer demonstrates a strong understanding of supply-side policy and applies the concept clearly to the PSG in Singapore. It correctly identifies capital deepening, labor productivity, and innovation as the core supply-side mechanisms, and provides logical arguments for each. The answer is relevant and carefully frames the discussion within the H2 Economics syllabus. However, the explanation could have deeper engagement with Singapore-specific constraints (such as the Small and Open Economy, high MPS/CPF, and role of MAS S$NEER), which would further improve the Singapore relevance score. | Judge 3: The generated answer demonstrates a strong understanding of supply-side policy and applies the concept clearly to the PSG in Singapore. It correctly identifies capital deepening, labor productivity, and innovation as the core supply-side mechanisms, and provides logical arguments for each. The answer is relevant and carefully frames the discussion within the H2 Economics syllabus. However, the explanation could have deeper engagement with Singapore-specific constraints (such as the Small and Open Economy, high MPS/CPF, and role of MAS S$NEER), which would further improve the Singapore relevance score.","Judge 1: Excellent content overall. To further enhance the Singapore context, consider explicitly referencing the Small & Open Economy constraint, the role of MAS in setting S$NEER, or the high MPS/CPF rates that may make PSG funding more critical for productivity upgrades. | Judge 2: Excellent content overall. To further enhance the Singapore context, consider explicitly referencing the Small & Open Economy constraint, the role of MAS in setting S$NEER, or the high MPS/CPF rates that may make PSG funding more critical for productivity upgrades. | Judge 3: Excellent content overall. To further enhance the Singapore context, consider explicitly referencing the Small & Open Economy constraint, the role of MAS in setting S$NEER, or the high MPS/CPF rates that may make PSG funding more critical for productivity upgrades."
Discuss the impact of a global recession on Singapore’s Balance of Payments (BOP).,"A global recession reduces foreign income, leading to a fall in demand for Singapore's exports (X). This worsens the Current Account. However, if investors seek ""safe havens,"" the Capital and Financial Account might see inflows, partially offsetting the BOP deficit.","**Impact of a Global Recession on Singapore’s Balance of Payments (BOP)**

---

### 1. **Overview of Singapore’s Balance of Payments**

Singapore’s Balance of Payments (BOP) comprises three main accounts: the Current Account, Capital and Financial Account, and the Reserve Account. The Current Account records transactions involving goods, services, income, and current transfers. For Singapore, the Current Account is the most relevant, especially in terms of exports and imports.

---

### 2. **Impact on the Current Account**

#### a) **Exports and External Demand**

- **Global Recession Context:** During a global recession, other countries experience falling incomes and reduced consumption. This leads to a contraction in global demand for goods and services.
- **Income Elasticity of Demand:** Singapore exports high-value-added goods and services, which tend to have a high income elasticity of demand (YED > 0). This means that as incomes fall globally, the demand for Singapore’s exports falls disproportionately.
- **Result:** Even if Singapore’s exports become cheaper due to a weaker exchange rate, the overall demand for these exports may still decline, leading to a fall in export earnings.

#### b) **Imports and Domestic Demand**

- **Domestic Income Decline:** A global recession often leads to a fall in Singapore’s domestic national income, as exports are a major component of its GDP.
- **Lower Import Demand:** With lower domestic income, Singaporeans are likely to reduce their spending on imports, leading to a decrease in import demand.
- **Result:** The decline in imports can help narrow the trade deficit or even lead to a trade surplus if the reduction in imports exceeds the fall in exports.

#### c) **Net Exports (Trade Balance)**

- **Trade Balance:** The trade balance is the difference between exports and imports. Given the high income elasticity of demand for Singapore’s exports, the trade balance is likely to deteriorate (move towards a deficit) during a global recession, despite a fall in imports.
- **Overall Current Account:** The Current Account may still deteriorate if the decline in exports is greater than the reduction in imports, or if other components (like income and current transfers) are negatively affected.

---

### 3. **Impact on the Capital and Financial Account**

- **Exchange Rate Policy:** During a global recession, Singapore often allows its exchange rate to weaken. This makes Singapore’s exports cheaper and more competitive internationally.
- **Capital Flows:** A weaker exchange rate may attract some foreign investment seeking higher returns, but it may also lead to capital outflows as investors become risk-averse and seek safer investments.
- **Result:** The Capital and Financial Account may experience volatility, but Singapore’s strong fiscal reserves and financial stability generally help mitigate negative impacts.

---

### 4. **Overall Impact on the Balance of Payments**

- **Current Account:** Likely to deteriorate due to falling exports, even if imports also fall.
- **Capital and Financial Account:** May be volatile but generally stable due to Singapore’s strong economic fundamentals and fiscal reserves.
- **Overall BOP:** The overall Balance of Payments may still show a deficit if the deterioration in the Current Account outweighs any gains in the Capital and Financial Account.

---

### 5. **Policy Implications**

- **Fiscal Policy:** Singapore’s strong fiscal reserves allow the government to increase government spending (G) during a recession, which can help support domestic demand and partially offset the negative impact on the BOP.
- **Exchange Rate Policy:** Allowing the exchange rate to weaken can help boost exports, but its effectiveness is limited if global demand is weak.
- **Limited Effectiveness of Exchange Policies:** During a global recession, exchange rate policies are less effective because the problem lies in weak global demand, not just the exchange rate.

---

### 6. **Conclusion**

A global recession is likely to have a negative impact on Singapore’s Balance of Payments, primarily through a deterioration in the Current Account due to falling exports and reduced global demand. While Singapore’s strong fiscal reserves and exchange rate flexibility can help mitigate some of these effects, the overall BOP may still face challenges during such periods.",9,8,10,6,"[9, 9, 9]","[8, 8, 8]","[10, 10, 10]","[6, 6, 6]","Judge 1: The Generated Answer demonstrates a solid understanding of how a global recession affects Singapore’s BOP, specifically focusing on the Current Account and briefly touching on the Capital and Financial Account. It correctly identifies that reduced global demand during a recession would lead to a fall in exports, a primary driver of the Current Account deficit for Singapore. The Answer also notes potential inflows in the Capital and Financial Account if investors seek 'safe havens,' which is consistent with the Ground Truth. The language and reasoning are appropriate for an H2 Economics student. However, there is some minor misalignment in assuming the income elasticity of demand is high for Singapore’s exports when the Ground Truth does not specify this; rather, it generalizes 'fall in demand for Singapore’s exports.' Singapore-specific anchors (such as MAS policy, S$NEER, or the Small Open Economy) are absent, which slightly limits the direct applicability. | Judge 2: The Generated Answer demonstrates a solid understanding of how a global recession affects Singapore’s BOP, specifically focusing on the Current Account and briefly touching on the Capital and Financial Account. It correctly identifies that reduced global demand during a recession would lead to a fall in exports, a primary driver of the Current Account deficit for Singapore. The Answer also notes potential inflows in the Capital and Financial Account if investors seek 'safe havens,' which is consistent with the Ground Truth. The language and reasoning are appropriate for an H2 Economics student. However, there is some minor misalignment in assuming the income elasticity of demand is high for Singapore’s exports when the Ground Truth does not specify this; rather, it generalizes 'fall in demand for Singapore’s exports.' Singapore-specific anchors (such as MAS policy, S$NEER, or the Small Open Economy) are absent, which slightly limits the direct applicability. | Judge 3: The Generated Answer demonstrates a solid understanding of how a global recession affects Singapore’s BOP, specifically focusing on the Current Account and briefly touching on the Capital and Financial Account. It correctly identifies that reduced global demand during a recession would lead to a fall in exports, a primary driver of the Current Account deficit for Singapore. The Answer also notes potential inflows in the Capital and Financial Account if investors seek 'safe havens,' which is consistent with the Ground Truth. The language and reasoning are appropriate for an H2 Economics student. However, there is some minor misalignment in assuming the income elasticity of demand is high for Singapore’s exports when the Ground Truth does not specify this; rather, it generalizes 'fall in demand for Singapore’s exports.' Singapore-specific anchors (such as MAS policy, S$NEER, or the Small Open Economy) are absent, which slightly limits the direct applicability.",Judge 1: Very good faithfulness to the prompt and correct economic reasoning. Would earn a higher Singapore relevance score by incorporating MAS’s role or explicit references to Singapore’s Small Open Economy. Minor ambiguity with the elasticity argument is tolerable for a tutor evaluating a student’s understanding. | Judge 2: Very good faithfulness to the prompt and correct economic reasoning. Would earn a higher Singapore relevance score by incorporating MAS’s role or explicit references to Singapore’s Small Open Economy. Minor ambiguity with the elasticity argument is tolerable for a tutor evaluating a student’s understanding. | Judge 3: Very good faithfulness to the prompt and correct economic reasoning. Would earn a higher Singapore relevance score by incorporating MAS’s role or explicit references to Singapore’s Small Open Economy. Minor ambiguity with the elasticity argument is tolerable for a tutor evaluating a student’s understanding.
Why does the Singapore government provide subsidies for the COVID-19 vaccine?,"Vaccination is a merit good with positive externalities in consumption (herd immunity). In a free market, individuals ignore external benefits, leading to under-consumption and deadweight loss. Subsidies shift MPB towards MSB to reach the social optimum (Qs).","**Why Does the Singapore Government Provide Subsidies for the COVID-19 Vaccine?**

---

### 1. **Addressing Market Failure: Under-consumption of Vaccines**

Vaccination is a **positive externality**—when an individual is vaccinated, they not only protect themselves but also reduce the risk of transmission to others in society. This means that the **marginal social benefit (MSB)** of vaccination exceeds the **marginal private benefit (MPB)**. As a result, individuals tend to under-consume vaccines, leading to an **under-allocation of resources** in the market.

---

### 2. **Government Intervention: Correcting the Under-consumption**

To correct this market failure, the government can intervene by **internalizing the external benefit**. The most effective way is to **subsidize the consumption** of vaccines, making them more affordable for individuals. This raises the **MPB** closer to the **MSB**, encouraging more people to get vaccinated.

---

### 3. **Alternative: Producer Subsidy**

Instead of directly subsidizing consumers, the Singapore government provides a **producer subsidy**. This means the government pays producers directly for the cost of producing vaccines. The effect is a **fall in the cost of production** for vaccines. Assuming producers pass on these savings to consumers, the **marginal private cost (MPC)** faced by consumers decreases.

---

### 4. **Impact on Consumer Behavior**

With a lower MPC, consumers are willing and able to purchase more vaccines. This **shifts the demand curve to the right**, increasing the quantity of vaccines consumed in the market. The goal is to move the market equilibrium from the under-consumed level (where MSB > MPB) to the **socially optimal output** (where MSB = MPC).

---

### 5. **Incentivizing Production and Innovation**

A producer subsidy also **incentivizes producers** to allocate more resources to vaccine production and research and development (R&D). This is especially important for rapidly evolving threats like new COVID-19 variants. The **lower production costs** encourage greater output and innovation, which is crucial for public health.

---

### 6. **Comparison with Direct Consumer Subsidies**

While both producer and consumer subsidies can increase vaccine consumption, a producer subsidy is often more efficient because it directly targets the supply side, ensuring that vaccines are produced at scale and at a lower cost. This approach also allows for flexibility in how the cost savings are passed on to consumers.

---

### 7. **Conclusion**

In summary, the Singapore government provides subsidies for the COVID-19 vaccine to **correct the under-consumption** caused by the positive externality of vaccination. By subsidizing producers, the government reduces the cost of production, encourages greater output and innovation, and ultimately increases the quantity of vaccines consumed in society, moving the market closer to the socially optimal level.",9,9,9,8,"[9, 9, 9]","[9, 9, 9]","[9, 9, 9]","[8, 8, 8]","Judge 1: The answer is well-structured and demonstrates a sound understanding of economics concepts, specifically addressing market failure (positive externality) and government intervention (subsidies) to achieve social optimum. It presents both a consumer and producer subsidy angle, and correctly explains the microeconomic rationale behind such policies. The answer also touches on the Singapore context (producer subsidies, government-led production), although it could be more explicit about specific local mechanisms (e.g., S$NEER, MAS, high MPS). The reasoning is thorough and aligns closely with H2 Economics standards. | Judge 2: The answer is well-structured and demonstrates a sound understanding of economics concepts, specifically addressing market failure (positive externality) and government intervention (subsidies) to achieve social optimum. It presents both a consumer and producer subsidy angle, and correctly explains the microeconomic rationale behind such policies. The answer also touches on the Singapore context (producer subsidies, government-led production), although it could be more explicit about specific local mechanisms (e.g., S$NEER, MAS, high MPS). The reasoning is thorough and aligns closely with H2 Economics standards. | Judge 3: The answer is well-structured and demonstrates a sound understanding of economics concepts, specifically addressing market failure (positive externality) and government intervention (subsidies) to achieve social optimum. It presents both a consumer and producer subsidy angle, and correctly explains the microeconomic rationale behind such policies. The answer also touches on the Singapore context (producer subsidies, government-led production), although it could be more explicit about specific local mechanisms (e.g., S$NEER, MAS, high MPS). The reasoning is thorough and aligns closely with H2 Economics standards.","Judge 1: Excellent work! To further improve Singapore relevance, consider mentioning specific mechanisms like the S$NEER or highlighting how the high MPS/CPF constraints make public goods like vaccines a priority for the government. Also, explicitly referencing the central bank's role (or lack thereof) in vaccine subsidies would strengthen the answer. | Judge 2: Excellent work! To further improve Singapore relevance, consider mentioning specific mechanisms like the S$NEER or highlighting how the high MPS/CPF constraints make public goods like vaccines a priority for the government. Also, explicitly referencing the central bank's role (or lack thereof) in vaccine subsidies would strengthen the answer. | Judge 3: Excellent work! To further improve Singapore relevance, consider mentioning specific mechanisms like the S$NEER or highlighting how the high MPS/CPF constraints make public goods like vaccines a priority for the government. Also, explicitly referencing the central bank's role (or lack thereof) in vaccine subsidies would strengthen the answer."
"How does a high ""Marginal Propensity to Save (MPS)"" in Singapore affect the multiplier size?","Singapore has a high MPS due to compulsory CPF savings. According to the formula k = 1/(MPS+MPT+MPM), a high MPS increases the denominator, resulting in a small multiplier effect (k), meaning fiscal stimulus has a limited impact on National Income.","**How Does a High Marginal Propensity to Save (MPS) in Singapore Affect the Multiplier Size?**

---

### 1. Understanding the Multiplier Effect

The **multiplier effect** refers to the phenomenon where an initial injection of spending into an economy leads to a larger overall increase in national income. The size of the multiplier is determined by the **marginal propensity to withdraw (MPW)**, which is the sum of the marginal propensity to save (MPS) and the marginal propensity to import (MPM):

\[
k = \frac{1}{MPW} = \frac{1}{MPS + MPM}
\]

Where:
- **k** = multiplier
- **MPW** = marginal propensity to withdraw

---

### 2. The Role of MPS in the Multiplier

The **Marginal Propensity to Save (MPS)** is the proportion of additional income that households save rather than spend domestically. In Singapore, the MPS is high due to:
- Compulsory savings schemes (e.g., CPF)
- Cultural attitudes towards thrift

A **higher MPS** means that a larger portion of any additional income is saved rather than spent on domestic goods and services.

---

### 3. Impact of High MPS on the Multiplier Size

- **Higher MPW**: Since MPS is a component of MPW, a higher MPS increases MPW.
- **Smaller Multiplier**: The multiplier is inversely related to MPW. Therefore, as MPW increases, the multiplier decreases.

Mathematically:
\[
k = \frac{1}{MPW} \implies \text{If } MPW \uparrow, \text{ then } k \downarrow
\]

---

### 4. Economic Implications

- **Less Effective Fiscal Policy**: With a smaller multiplier, government spending or tax cuts have a less significant impact on national income.
- **Reduced Leakages**: A higher MPS means more income leaks out of the domestic economy as savings, reducing the rounds of additional spending.
- **Singapore’s Context**: Singapore’s high MPS, combined with a high MPM (due to its open economy and lack of natural resources), results in a relatively small multiplier. This makes fiscal stimulus less potent in boosting national income.

---

### 5. Summary Table

| Factor                | Effect on MPW | Effect on Multiplier (k) |
|-----------------------|---------------|--------------------------|
| High MPS              | Increases     | Decreases                |
| High MPM              | Increases     | Decreases                |

---

### 6. Conclusion

In summary, a high MPS in Singapore increases the marginal propensity to withdraw (MPW), which in turn reduces the size of the multiplier. This means that any initial increase in spending or decrease in taxes will have a smaller effect on national income, making fiscal policy less effective in stimulating the economy.",10,10,10,10,"[10, 10, 10]","[10, 10, 10]","[10, 10, 10]","[10, 10, 10]","Judge 1: The Generated Answer accurately explains the theory behind the multiplier effect and correctly identifies that the multiplier formula is k = 1/(MPS + MPM). It correctly states that a higher MPS increases MPW, thus decreasing the multiplier. The answer is logical and consistent with Singapore’s context—specifically, the role of the CPF (high MPS) and the small, open economy with high imports (high MPM). However, the feedback instruction cautions not to penalize 'Correctness' harshly if there are valid alternative perspectives within the H2 Economics syllabus, which I can confirm does not apply here. The answer demonstrates a high degree of faithfulness, correctness, relevance, and Singapore-specific relevance. | Judge 2: The Generated Answer accurately explains the theory behind the multiplier effect and correctly identifies that the multiplier formula is k = 1/(MPS + MPM). It correctly states that a higher MPS increases MPW, thus decreasing the multiplier. The answer is logical and consistent with Singapore’s context—specifically, the role of the CPF (high MPS) and the small, open economy with high imports (high MPM). However, the feedback instruction cautions not to penalize 'Correctness' harshly if there are valid alternative perspectives within the H2 Economics syllabus, which I can confirm does not apply here. The answer demonstrates a high degree of faithfulness, correctness, relevance, and Singapore-specific relevance. | Judge 3: The Generated Answer accurately explains the theory behind the multiplier effect and correctly identifies that the multiplier formula is k = 1/(MPS + MPM). It correctly states that a higher MPS increases MPW, thus decreasing the multiplier. The answer is logical and consistent with Singapore’s context—specifically, the role of the CPF (high MPS) and the small, open economy with high imports (high MPM). However, the feedback instruction cautions not to penalize 'Correctness' harshly if there are valid alternative perspectives within the H2 Economics syllabus, which I can confirm does not apply here. The answer demonstrates a high degree of faithfulness, correctness, relevance, and Singapore-specific relevance.","Judge 1: Excellent! The response is thorough, accurate, and directly addresses the prompt with specific Singapore examples. It correctly applies economic theory and presents the answer with clear, step-by-step reasoning. Well done! | Judge 2: Excellent! The response is thorough, accurate, and directly addresses the prompt with specific Singapore examples. It correctly applies economic theory and presents the answer with clear, step-by-step reasoning. Well done! | Judge 3: Excellent! The response is thorough, accurate, and directly addresses the prompt with specific Singapore examples. It correctly applies economic theory and presents the answer with clear, step-by-step reasoning. Well done!"
Is the demand for Singapore's electronics exports likely to be price elastic or inelastic?,"Highly price elastic (PED > 1) due to the availability of many international substitutes (e.g., from Taiwan or Korea). Thus, a slight increase in the exchange rate can lead to a more than proportionate fall in quantity demanded, worsening export revenue.","**Answer:**

**1. Introduction**

The demand for Singapore's electronics exports is a crucial aspect of the country's trade performance. To determine whether the demand is price elastic or inelastic, we must consider both the theoretical factors that influence price elasticity and the specific context of Singapore's electronics sector.

**2. Factors Affecting Price Elasticity of Demand**

Price elasticity of demand is measured by the responsiveness of the quantity demanded to a change in price. The main determinants include:

- **Availability of substitutes:** If close substitutes exist, demand is more elastic.
- **Necessity vs. luxury:** Necessities tend to have inelastic demand, while luxuries are more elastic.
- **Proportion of income spent:** Goods that constitute a large share of income tend to have more elastic demand.
- **Time horizon:** In the short run, demand is often more inelastic than in the long run.

**3. Context of Singapore's Electronics Exports**

- **High Quality and Precision:** Singapore’s electronics are known for their high precision and stringent quality control, making them globally sought-after.
- **Dependence on Imports:** Singapore is heavily reliant on imports for both factors of production and consumer goods, leading to a high import content in its output.
- **Export Market Characteristics:** The US and China are open economies with large domestic markets, making Singapore's exports to these countries likely to be price elastic.
- **Currency Depreciation Effects:** A depreciation of the Singapore dollar against the USD and RMB has led to a large increase in export revenue from these markets.

**4. Analysis of Demand Elasticity for Singapore's Electronics Exports**

Given the above context, we can analyze the demand elasticity for Singapore's electronics exports as follows:

- **Availability of Substitutes:** Electronics are often differentiated products, and while there are substitutes, Singapore's reputation for quality and precision makes its products unique in the market. This suggests that demand may be somewhat inelastic.
- **Necessity vs. Luxury:** Electronics are generally considered necessities or luxury items, depending on the specific product. However, given Singapore's focus on high-end electronics, these are likely to be perceived as luxury items, making demand more elastic.
- **Proportion of Income Spent:** Electronics can constitute a significant portion of income for consumers, especially in high-end markets. This suggests that demand may be elastic.
- **Time Horizon:** In the short run, demand for electronics is likely to be inelastic due to the lack of immediate alternatives. However, in the long run, consumers may switch to substitutes if prices rise significantly.

**5. Conclusion**

Considering the context provided, the demand for Singapore's electronics exports is likely to be **price elastic**, particularly in the long run. This is due to the availability of substitutes, the perception of electronics as luxury items, and the significant proportion of income spent on these products. However, in the short run, the demand may be somewhat inelastic due to the lack of immediate alternatives and the high quality of Singapore's electronics.

**6. Implications**

Understanding the price elasticity of demand for Singapore's electronics exports is crucial for policymakers and businesses. It informs decisions on pricing strategies, currency management, and trade policies. For instance, a depreciation of the Singapore dollar may lead to a significant increase in export revenue, but it could also result in a decrease in demand if prices become too high.

**7. Limitations**

This analysis is based on the provided context and does not consider all possible factors that could influence the demand for Singapore's electronics exports. Additional data and research may be needed for a more comprehensive analysis.",8,7,10,9,"[8, 8, 8]","[7, 7, 7]","[10, 10, 10]","[9, 9, 9]","Judge 1: The generated answer recognizes the complexity of price elasticity for Singapore's electronics exports and addresses several theoretical and contextual factors. It correctly notes that availability of substitutes, import dependence, and strong reputations for quality may make demand somewhat inelastic in the short term. It also acknowledges that, especially for luxury goods, and in the long run, demand may be more elastic due to the availability of alternatives. This nuanced analysis reflects economic theory and offers insight. However, it does not fully support the Ground Truth's assertion of *highly price elastic* demand (PED > 1) for all Singapore's electronics exports, which is more definitive. The answer is logically structured and Singapore-relevant, but not fully aligned with the Ground Truth regarding overall elasticity. | Judge 2: The generated answer recognizes the complexity of price elasticity for Singapore's electronics exports and addresses several theoretical and contextual factors. It correctly notes that availability of substitutes, import dependence, and strong reputations for quality may make demand somewhat inelastic in the short term. It also acknowledges that, especially for luxury goods, and in the long run, demand may be more elastic due to the availability of alternatives. This nuanced analysis reflects economic theory and offers insight. However, it does not fully support the Ground Truth's assertion of *highly price elastic* demand (PED > 1) for all Singapore's electronics exports, which is more definitive. The answer is logically structured and Singapore-relevant, but not fully aligned with the Ground Truth regarding overall elasticity. | Judge 3: The generated answer recognizes the complexity of price elasticity for Singapore's electronics exports and addresses several theoretical and contextual factors. It correctly notes that availability of substitutes, import dependence, and strong reputations for quality may make demand somewhat inelastic in the short term. It also acknowledges that, especially for luxury goods, and in the long run, demand may be more elastic due to the availability of alternatives. This nuanced analysis reflects economic theory and offers insight. However, it does not fully support the Ground Truth's assertion of *highly price elastic* demand (PED > 1) for all Singapore's electronics exports, which is more definitive. The answer is logically structured and Singapore-relevant, but not fully aligned with the Ground Truth regarding overall elasticity.","Judge 1: The answer is generally sound and closely follows the economic principles required. It correctly discusses both theoretical determinants and Singapore-specific context (e.g., quality, import dependence). However, it stops short of supporting the Ground Truth's firm conclusion of 'highly price elastic' demand (PED > 1) for all Singapore electronics exports. For a higher correctness score, the answer should explicitly connect its analysis to the fact that 'a slight increase in the exchange rate can lead to a more than proportionate fall in quantity demanded, worsening export revenue', which is a key claim of the Ground Truth. | Judge 2: The answer is generally sound and closely follows the economic principles required. It correctly discusses both theoretical determinants and Singapore-specific context (e.g., quality, import dependence). However, it stops short of supporting the Ground Truth's firm conclusion of 'highly price elastic' demand (PED > 1) for all Singapore electronics exports. For a higher correctness score, the answer should explicitly connect its analysis to the fact that 'a slight increase in the exchange rate can lead to a more than proportionate fall in quantity demanded, worsening export revenue', which is a key claim of the Ground Truth. | Judge 3: The answer is generally sound and closely follows the economic principles required. It correctly discusses both theoretical determinants and Singapore-specific context (e.g., quality, import dependence). However, it stops short of supporting the Ground Truth's firm conclusion of 'highly price elastic' demand (PED > 1) for all Singapore electronics exports. For a higher correctness score, the answer should explicitly connect its analysis to the fact that 'a slight increase in the exchange rate can lead to a more than proportionate fall in quantity demanded, worsening export revenue', which is a key claim of the Ground Truth."
"Explain the ""Crowding Out Effect"" in the context of Singapore’s fiscal policy.","Crowding out is generally less significant in Singapore because the government finances spending through accumulated reserves rather than borrowing from the domestic loanable funds market, thus avoiding upward pressure on interest rates.","# The Crowding Out Effect in Singapore’s Fiscal Policy

## Introduction

The **crowding out effect** refers to the phenomenon where increased government borrowing to finance a deficit leads to higher interest rates, which in turn reduces private sector investment. This concept is crucial in understanding the implications of fiscal policy, especially in the context of government debt and deficits.

## Mechanism of the Crowding Out Effect

1. **Government Borrowing**: When the government runs a deficit, it often finances this shortfall by borrowing from the public or financial markets.
2. **Increased Demand for Loanable Funds**: As the government borrows more, the demand for loanable funds in the economy increases.
3. **Rising Interest Rates**: The increased demand can push up interest rates, making borrowing more expensive for businesses and households.
4. **Reduced Private Investment**: Higher interest rates discourage private sector investment, as the cost of capital rises.

## Application to Singapore

### 1. Prudent Fiscal Policy and Fiscal Reserves

Singapore has managed to keep its government debt low and avoid external debt due to **prudent fiscal policy**. The government has accumulated substantial fiscal reserves through disciplined budgeting and development expenditure, which has allowed it to finance deficits without resorting to excessive borrowing.

### 2. Low Government Borrowing

Because of its strong fiscal position, Singapore has **minimal need for government borrowing**. This reduces the demand for loanable funds in the economy, thereby minimizing the risk of rising interest rates.

### 3. Impact on Private Investment

- **Low Crowding Out Effect**: Singapore’s low levels of government borrowing mean that the demand for loanable funds remains relatively stable. As a result, interest rates are unlikely to rise significantly, and private sector investment is not significantly crowded out.
- **Competitive Tax Policy**: Singapore’s tax policies are designed to enhance economic competitiveness and attract foreign investment. This further supports the private sector and mitigates any potential crowding out effects.

### 4. Development Expenditure

Singapore’s government spends a significant portion of its budget on development expenditure, which is aimed at improving infrastructure and services. This investment is financed through a combination of tax revenues and prudent fiscal management, rather than excessive borrowing.

## Conclusion

In the context of Singapore’s fiscal policy, the **crowding out effect is minimal** due to the country’s prudent management of government debt and reserves. The government’s low borrowing needs and focus on development expenditure, coupled with competitive tax policies, ensure that private sector investment is not significantly affected. This fiscal discipline is a key factor in Singapore’s sustained economic growth and competitiveness.",9,9,10,8,"[9, 9, 9]","[9, 9, 9]","[10, 10, 10]","[8, 8, 8]","Judge 1: The generated answer provides a clear, logically structured explanation of the crowding out effect and applies it to Singapore’s situation by highlighting the country’s low government borrowing due to fiscal reserves. It distinguishes Singapore from typical small open economies facing crowding out pressures. While it mentions the context of low government borrowing, it could have delved deeper into Singapore-specific macroeconomic features such as the role of CPF (Central Provident Fund) in channeling savings into government investment, or MAS’s use of reserves to smooth out fiscal volatility rather than borrowing. Nonetheless, the answer remains relevant, contextually sound, and accurately distinguishes Singapore from typical scenarios of crowding out. | Judge 2: The generated answer provides a clear, logically structured explanation of the crowding out effect and applies it to Singapore’s situation by highlighting the country’s low government borrowing due to fiscal reserves. It distinguishes Singapore from typical small open economies facing crowding out pressures. While it mentions the context of low government borrowing, it could have delved deeper into Singapore-specific macroeconomic features such as the role of CPF (Central Provident Fund) in channeling savings into government investment, or MAS’s use of reserves to smooth out fiscal volatility rather than borrowing. Nonetheless, the answer remains relevant, contextually sound, and accurately distinguishes Singapore from typical scenarios of crowding out. | Judge 3: The generated answer provides a clear, logically structured explanation of the crowding out effect and applies it to Singapore’s situation by highlighting the country’s low government borrowing due to fiscal reserves. It distinguishes Singapore from typical small open economies facing crowding out pressures. While it mentions the context of low government borrowing, it could have delved deeper into Singapore-specific macroeconomic features such as the role of CPF (Central Provident Fund) in channeling savings into government investment, or MAS’s use of reserves to smooth out fiscal volatility rather than borrowing. Nonetheless, the answer remains relevant, contextually sound, and accurately distinguishes Singapore from typical scenarios of crowding out.","Judge 1: The answer demonstrates a strong grasp of economic theory as it applies it to Singapore. To enhance the Singapore relevance score, consider mentioning the specific roles of MAS reserves, CPF contributions, or government investment in infrastructure (e.g., HDB, MRT) as alternative channels for government funding, further reinforcing why the crowding out effect is less pronounced in Singapore. | Judge 2: The answer demonstrates a strong grasp of economic theory as it applies it to Singapore. To enhance the Singapore relevance score, consider mentioning the specific roles of MAS reserves, CPF contributions, or government investment in infrastructure (e.g., HDB, MRT) as alternative channels for government funding, further reinforcing why the crowding out effect is less pronounced in Singapore. | Judge 3: The answer demonstrates a strong grasp of economic theory as it applies it to Singapore. To enhance the Singapore relevance score, consider mentioning the specific roles of MAS reserves, CPF contributions, or government investment in infrastructure (e.g., HDB, MRT) as alternative channels for government funding, further reinforcing why the crowding out effect is less pronounced in Singapore."
"Why is ""Cyclical Unemployment"" a major concern for Singapore compared to ""Structural Unemployment""?","As an export-oriented economy, Singapore is highly vulnerable to fluctuations in the global trade cycle. While structural issues exist (skills mismatch), global downturns cause rapid shifts in AD, leading to significant cyclical unemployment.","**Why is ""Cyclical Unemployment"" a Major Concern for Singapore Compared to ""Structural Unemployment""?**

---

### 1. **Singapore’s Economic Vulnerability to Global Demand**

Singapore’s economy is highly **open and export-oriented**, with a significant portion of its GDP derived from trade and investment flows. As a result, it is particularly susceptible to **global economic cycles**. When there is a downturn in global demand (e.g., during the 2008 Global Financial Crisis or the COVID-19 pandemic), Singapore’s **real national output** falls sharply. This decline in output directly reduces the **derived demand for labour**, leading to a rapid increase in **cyclical unemployment**.

In contrast, **structural unemployment** arises from a mismatch between workers’ skills and job market requirements. While Singapore faces some structural challenges (such as the need to adapt to technological change), these issues tend to develop more gradually and can be addressed through targeted policies like retraining and education.

---

### 2. **Policy Focus and Responsiveness**

Singapore’s government places a high priority on **managing cyclical unemployment** because it is often outside the country’s direct control. The government must respond quickly to external shocks to maintain economic stability and prevent prolonged periods of high unemployment, which can have serious social and political consequences.

Structural unemployment, while also a concern, is seen as a more manageable and long-term issue. The government can address it through **active labour market policies** (such as skills upgrading, job matching services, and industry-specific training programs).

---

### 3. **Multiplier Effects and Economic Stability**

Singapore’s economy is characterized by a **high multiplier effect**. When cyclical unemployment rises due to a fall in output, the **reverse multiplier effect** can exacerbate the downturn: lower incomes lead to lower expenditure, which further reduces output and income. This can create a vicious cycle of unemployment and economic contraction.

Structural unemployment, on the other hand, does not have the same multiplier effect. The mismatch between skills and jobs does not directly reduce overall demand for labour, so the negative feedback loop is less pronounced.

---

### 4. **Recent Trends and Evidence**

Recent history supports this concern. For example, during the 2008 financial crisis and the COVID-19 pandemic, Singapore experienced sharp increases in cyclical unemployment as global demand for its exports collapsed. The government responded with fiscal stimulus and support measures to cushion the impact and speed up recovery.

Structural unemployment has been a persistent issue, but it has generally been lower in magnitude compared to cyclical unemployment during periods of economic downturn. Singapore’s efforts to upgrade its workforce (e.g., SkillsFuture initiative) have helped address some structural challenges, but the country remains vigilant about cyclical risks.

---

### 5. **Natural Rate of Unemployment**

The **natural rate of unemployment** in Singapore is relatively low, partly due to its strong labour market institutions and proactive policies. However, this low natural rate is largely attributable to the country’s ability to quickly respond to cyclical shocks. If cyclical unemployment were to rise significantly, it could push the actual unemployment rate above the natural rate, leading to potential long-term consequences.

---

### **Conclusion**

**Cyclical unemployment** is a major concern for Singapore because of its highly integrated and export-dependent economy, which makes it vulnerable to global demand fluctuations. The multiplier effects and rapid rise in unemployment during downturns require swift government intervention. While **structural unemployment** is a persistent issue, it is generally more manageable and less immediate in its impact compared to cyclical unemployment. Therefore, Singapore’s policy focus and economic structure prioritize addressing cyclical unemployment to ensure economic stability and growth.",10,10,10,9,"[10, 10, 10]","[10, 10, 10]","[10, 10, 10]","[9, 9, 9]","Judge 1: The Generated Answer accurately distinguishes between cyclical and structural unemployment, and it correctly applies these concepts to Singapore’s export-oriented, small and open economy context. It identifies cyclical unemployment as a major concern because of global economic vulnerability, multiplier effects, and recent historical evidence. It also briefly mentions structural unemployment and the government’s response, but the focus remains on cyclical unemployment. The answer does not venture into economic theory debates or generic global principles that would be inappropriate for a Singapore context. It demonstrates good command of the syllabus, references real-world examples (e.g., 2008 crisis, COVID-19), and correctly attributes responses to Singapore’s unique economic situation (such as government stimulus). The only minor issue is that it does not explicitly mention MAS S$NEER or specific Singaporean policies like HDB, COE, or NEWater, which would raise the Singapore relevance score to its maximum. | Judge 2: The Generated Answer accurately distinguishes between cyclical and structural unemployment, and it correctly applies these concepts to Singapore’s export-oriented, small and open economy context. It identifies cyclical unemployment as a major concern because of global economic vulnerability, multiplier effects, and recent historical evidence. It also briefly mentions structural unemployment and the government’s response, but the focus remains on cyclical unemployment. The answer does not venture into economic theory debates or generic global principles that would be inappropriate for a Singapore context. It demonstrates good command of the syllabus, references real-world examples (e.g., 2008 crisis, COVID-19), and correctly attributes responses to Singapore’s unique economic situation (such as government stimulus). The only minor issue is that it does not explicitly mention MAS S$NEER or specific Singaporean policies like HDB, COE, or NEWater, which would raise the Singapore relevance score to its maximum. | Judge 3: The Generated Answer accurately distinguishes between cyclical and structural unemployment, and it correctly applies these concepts to Singapore’s export-oriented, small and open economy context. It identifies cyclical unemployment as a major concern because of global economic vulnerability, multiplier effects, and recent historical evidence. It also briefly mentions structural unemployment and the government’s response, but the focus remains on cyclical unemployment. The answer does not venture into economic theory debates or generic global principles that would be inappropriate for a Singapore context. It demonstrates good command of the syllabus, references real-world examples (e.g., 2008 crisis, COVID-19), and correctly attributes responses to Singapore’s unique economic situation (such as government stimulus). The only minor issue is that it does not explicitly mention MAS S$NEER or specific Singaporean policies like HDB, COE, or NEWater, which would raise the Singapore relevance score to its maximum.","Judge 1: This answer is excellent overall. To achieve a perfect score on Singapore relevance, add explicit mention of MAS S$NEER, HDB, COE, or NEWater to illustrate the link between cyclical shocks and Singapore’s response mechanisms. | Judge 2: This answer is excellent overall. To achieve a perfect score on Singapore relevance, add explicit mention of MAS S$NEER, HDB, COE, or NEWater to illustrate the link between cyclical shocks and Singapore’s response mechanisms. | Judge 3: This answer is excellent overall. To achieve a perfect score on Singapore relevance, add explicit mention of MAS S$NEER, HDB, COE, or NEWater to illustrate the link between cyclical shocks and Singapore’s response mechanisms."
"Evaluate the use of ""Carbon Taxes"" in Singapore to correct market failure.","A carbon tax internalizes the external cost of pollution (Negative Externality in Production). By setting a tax equal to the Marginal External Cost (MEC) at the social optimum, the MPC is shifted to the MSC, eliminating deadweight loss.","**Evaluation of the Use of Carbon Taxes in Singapore to Correct Market Failure**

---

**1. Introduction**

A carbon tax is a policy instrument that assigns a cost to the emission of greenhouse gases (GHGs), thereby internalizing the negative externalities associated with carbon emissions. In Singapore, a carbon tax was introduced to address the market failure arising from the lack of consideration for environmental costs in economic activities, particularly from large industrial emitters.

---

**2. Identification of Market Failure**

Market failure occurs when the price of goods or services does not reflect their true social cost. In the case of carbon emissions, the production and consumption of goods that generate GHGs impose negative externalities (such as global warming) on society, which are not reflected in the market price. As a result, firms have an incentive to emit more than is socially optimal.

---

**3. Mechanism of Carbon Tax**

Singapore’s carbon tax applies to facilities emitting at least 25,000 tonnes of GHGs per year, covering 80% of the country’s emissions. By imposing a tax per tonne of emissions, the government increases the cost of emitting carbon, thereby creating an economic incentive for firms to reduce their emissions.

- **Price Signal:** The tax raises the cost of emitting carbon, encouraging firms to adopt cleaner technologies or reduce production.
- **Incentive for Innovation:** Firms are motivated to invest in research and development (R&D) to find more efficient, low-emission processes.
- **Revenue Generation:** The government collects revenue from the tax, which can be used to support green initiatives or offset other taxes.

---

**4. Effectiveness in Correcting Market Failure**

**a. Internalization of Externalities**

The carbon tax internalizes the external costs of carbon emissions, aligning private costs with social costs. This encourages firms to emit less, moving their behavior closer to the socially optimal level.

**b. Encouragement of Technological Innovation**

As highlighted in the extracts, the carbon tax incentivizes industries to invest in cleaner technologies and R&D. This not only reduces emissions but also positions Singapore as a leader in green innovation, potentially enhancing its competitiveness in the global market.

**c. Revenue for Environmental Initiatives**

The revenue generated from the carbon tax can be used to fund environmental programs, support businesses in their transition to greener practices, or offset other taxes, thereby addressing the free-rider problem and enhancing the overall effectiveness of the policy.

---

**5. Limitations and Challenges**

**a. Scope and Coverage**

The carbon tax currently applies only to large emitters (30-40 facilities), which account for 80% of emissions. While this covers the majority of sources, smaller emitters may continue to contribute significantly to overall emissions, potentially limiting the policy’s impact.

**b. Competitiveness Concerns**

As Singapore is an export-oriented economy, there may be concerns that the carbon tax could make Singaporean industries less competitive compared to countries with lower or no carbon taxes. However, the extracts suggest that increasing customer willingness to pay for greener products may offset these concerns.

**c. Political and Economic Priorities**

Some critics argue that Singapore’s continued emphasis on economic growth may undermine environmental policies. However, the government’s commitment to achieving net-zero emissions by 2050 indicates a long-term strategy to balance economic and environmental objectives.

---

**6. Conclusion**

Overall, the use of carbon taxes in Singapore is a significant step towards correcting the market failure associated with carbon emissions. By internalizing externalities, incentivizing innovation, and generating revenue for environmental initiatives, the carbon tax helps to align private incentives with social welfare. However, its effectiveness depends on the scope of coverage, the ability to maintain competitiveness, and the broader policy context. Continuous evaluation and adjustment of the carbon tax framework are necessary to ensure its long-term success in addressing climate change and market failure.",8,9,9,7,"[8, 8, 8]","[9, 9, 9]","[9, 9, 9]","[7, 7, 7]","Judge 1: The generated answer demonstrates a solid understanding of market failure and the use of carbon taxes as a policy instrument to internalize externalities. It correctly identifies Singapore’s carbon tax as a tool to address the negative externality of carbon emissions, and it discusses the mechanism and potential effectiveness of this policy. However, while the answer is broadly correct, it could be improved by directly referencing Singapore-specific anchors such as the Monetary Authority of Singapore (MAS) and the concept of the Small & Open Economy. Additionally, it could mention the government’s revenue generation from the tax and its use in funding environmental initiatives, which is a key aspect of Singapore’s policy approach. | Judge 2: The generated answer demonstrates a solid understanding of market failure and the use of carbon taxes as a policy instrument to internalize externalities. It correctly identifies Singapore’s carbon tax as a tool to address the negative externality of carbon emissions, and it discusses the mechanism and potential effectiveness of this policy. However, while the answer is broadly correct, it could be improved by directly referencing Singapore-specific anchors such as the Monetary Authority of Singapore (MAS) and the concept of the Small & Open Economy. Additionally, it could mention the government’s revenue generation from the tax and its use in funding environmental initiatives, which is a key aspect of Singapore’s policy approach. | Judge 3: The generated answer demonstrates a solid understanding of market failure and the use of carbon taxes as a policy instrument to internalize externalities. It correctly identifies Singapore’s carbon tax as a tool to address the negative externality of carbon emissions, and it discusses the mechanism and potential effectiveness of this policy. However, while the answer is broadly correct, it could be improved by directly referencing Singapore-specific anchors such as the Monetary Authority of Singapore (MAS) and the concept of the Small & Open Economy. Additionally, it could mention the government’s revenue generation from the tax and its use in funding environmental initiatives, which is a key aspect of Singapore’s policy approach.","Judge 1: The answer is logically sound and well-structured. To increase its Singapore relevance, it could more explicitly mention MAS and the context of Singapore being a small, open economy, which affects how carbon taxes are implemented and perceived. Additionally, discussing the specific use of carbon tax revenue in Singapore would further strengthen the answer. | Judge 2: The answer is logically sound and well-structured. To increase its Singapore relevance, it could more explicitly mention MAS and the context of Singapore being a small, open economy, which affects how carbon taxes are implemented and perceived. Additionally, discussing the specific use of carbon tax revenue in Singapore would further strengthen the answer. | Judge 3: The answer is logically sound and well-structured. To increase its Singapore relevance, it could more explicitly mention MAS and the context of Singapore being a small, open economy, which affects how carbon taxes are implemented and perceived. Additionally, discussing the specific use of carbon tax revenue in Singapore would further strengthen the answer."
"How does the ""Singapore-Australia Free Trade Agreement (SAFTA)"" affect the domestic labor market?","SAFTA increases market access, boosting AD and demand for labor in export sectors. However, it may increase structural unemployment in sunset industries that cannot compete with cheaper Australian imports, necessitating retraining.","Certainly! Here is a comprehensive, well-structured answer to your question, using only the provided context:

---

# How Does the ""Singapore-Australia Free Trade Agreement (SAFTA)"" Affect the Domestic Labor Market?

## Introduction

The Singapore-Australia Free Trade Agreement (SAFTA) is a significant bilateral agreement that aims to reduce trade barriers between Singapore and Australia. Such agreements typically have wide-ranging effects on economies, including impacts on the domestic labor market.

---

## 1. **Expansion of Export Demand**

### 1.1. **Increased Access to Australian Market**
- SAFTA allows Singaporean firms to export goods to Australia with fewer tariffs and regulatory hurdles.
- This makes Singaporean products more competitive in the Australian market.

### 1.2. **Rising Export Revenue**
- As export demand increases, Singaporean firms are likely to produce more goods.
- This leads to higher export earnings for the country.

---

## 2. **Impact on Domestic Production and Employment**

### 2.1. **Higher Domestic Output**
- With increased export demand, domestic firms may expand production to meet the new demand.
- This can lead to higher national output (real GDP).

### 2.2. **Creation of Jobs**
- Expansion of production often requires more labor.
- Firms may hire more workers, especially in export-oriented sectors.

---

## 3. **Labor Market Dynamics**

### 3.1. **Increase in Demand for Labor**
- As firms expand, the demand for labor (derived demand) increases.
- This can lead to lower unemployment rates, assuming the labor market is flexible enough to absorb the additional workers.

### 3.2. **Potential for Higher Wages**
- Increased demand for labor can push up wage levels, especially if there is a shortage of skilled workers.
- However, wage increases may be limited if the labor supply also increases due to immigration or other factors.

---

## 4. **Sectoral Effects**

### 4.1. **Export-Oriented Sectors**
- Sectors such as manufacturing, logistics, and services that benefit from SAFTA may see significant job growth.
- These sectors may attract both local and foreign workers.

### 4.2. **Import-Competitive Sectors**
- Some domestic industries may face increased competition from Australian imports.
- This could potentially lead to job losses in these sectors, especially if they are unable to compete with lower-priced Australian goods.

---

## 5. **Potential Challenges**

### 5.1. **Adjustment Costs**
- Firms and workers may face adjustment costs as they adapt to new market conditions.
- Some workers may need retraining to remain competitive.

### 5.2. **Labor Market Competition**
- Increased competition from Australian firms could put downward pressure on wages in certain sectors.
- However, overall, the positive effects on employment and output may outweigh these challenges.

---

## 6. **Conclusion**

In summary, the Singapore-Australia Free Trade Agreement (SAFTA) is likely to have a positive impact on the domestic labor market by increasing export demand, leading to higher domestic output, job creation, and potentially higher wages. However, it may also pose challenges for import-competitive sectors and require adjustment by both firms and workers.

---

**Note:** The provided context does not contain specific information about SAFTA. The above analysis is based on general economic principles and the information given in the context about trade agreements and their effects on labor markets.",9,9,9,6,"[9, 9, 9]","[9, 9, 9]","[9, 9, 9]","[6, 6, 6]","Judge 1: The Generated Answer is structured and logical, applying economic reasoning to how a free trade agreement affects labor markets. It correctly identifies increases in export demand and labor demand, and appropriately notes potential structural unemployment from imports. However, it does not explicitly mention Singapore-specific anchors (e.g., MAS S$NEER, Small & Open Economy constraints, high MPS/CPF, HDB, COE, NEWater) which would strengthen the Singapore relevance. The answer remains factually correct and relevant, but does not fully incorporate the required Singapore-specific references. | Judge 2: The Generated Answer is structured and logical, applying economic reasoning to how a free trade agreement affects labor markets. It correctly identifies increases in export demand and labor demand, and appropriately notes potential structural unemployment from imports. However, it does not explicitly mention Singapore-specific anchors (e.g., MAS S$NEER, Small & Open Economy constraints, high MPS/CPF, HDB, COE, NEWater) which would strengthen the Singapore relevance. The answer remains factually correct and relevant, but does not fully incorporate the required Singapore-specific references. | Judge 3: The Generated Answer is structured and logical, applying economic reasoning to how a free trade agreement affects labor markets. It correctly identifies increases in export demand and labor demand, and appropriately notes potential structural unemployment from imports. However, it does not explicitly mention Singapore-specific anchors (e.g., MAS S$NEER, Small & Open Economy constraints, high MPS/CPF, HDB, COE, NEWater) which would strengthen the Singapore relevance. The answer remains factually correct and relevant, but does not fully incorporate the required Singapore-specific references.","Judge 1: Good attempt! The answer is faithful, correct, and relevant. To boost the Singapore relevance score, explicitly mention Singapore-specific policies or constraints (e.g., 'Given Singapore's Small & Open Economy status, its labor market reacts quickly to trade shocks, making retraining programs essential to address structural unemployment caused by cheaper imports.' You could also reference MAS S$NEER or include specific examples like HDB or the COE system, as these are strong Singapore context markers for the H2 Economics syllabus. | Judge 2: Good attempt! The answer is faithful, correct, and relevant. To boost the Singapore relevance score, explicitly mention Singapore-specific policies or constraints (e.g., 'Given Singapore's Small & Open Economy status, its labor market reacts quickly to trade shocks, making retraining programs essential to address structural unemployment caused by cheaper imports.' You could also reference MAS S$NEER or include specific examples like HDB or the COE system, as these are strong Singapore context markers for the H2 Economics syllabus. | Judge 3: Good attempt! The answer is faithful, correct, and relevant. To boost the Singapore relevance score, explicitly mention Singapore-specific policies or constraints (e.g., 'Given Singapore's Small & Open Economy status, its labor market reacts quickly to trade shocks, making retraining programs essential to address structural unemployment caused by cheaper imports.' You could also reference MAS S$NEER or include specific examples like HDB or the COE system, as these are strong Singapore context markers for the H2 Economics syllabus."
