query,ground_truth,generated_answer,understandability,correctness,singapore_relevance,weighted_score,is_critical_failure,failure_reason,student_reasoning,student_feedback,teacher_reasoning,teacher_feedback,examiner_reasoning,examiner_feedback
Why is the MAS's exchange rate policy more effective than interest rate policy for Singapore?,"As a small and open economy, Singapore is a price-taker with a high dependence on imports and exports. Interest rate policy is ineffective due to perfect capital mobility (interest rate parity), while the exchange rate directly manages imported inflation and export competitiveness.","Certainly! Here is a comprehensive, well-structured answer to the student’s question:

---

## 1. Why is the MAS’s Exchange Rate Policy More Effective than Interest Rate Policy for Singapore?

### 1.1. Singapore’s Economic Characteristics

Singapore is a small, open economy with a high degree of trade integration. Its gross domestic product (GDP) is heavily dependent on exports, with the volume of trade being close to four times the country’s GDP. This means that Singapore’s economy is highly sensitive to external shocks and global demand fluctuations.

### 1.2. Exchange Rate as the Monetary Policy Tool

#### a. **Exchange Rate Centred Policy**

The Monetary Authority of Singapore (MAS) adopts a managed float exchange rate regime, targeting the Singapore Dollar’s Nominal Effective Exchange Rate (NEER) within a undisclosed policy band. By doing so, MAS can directly influence the competitiveness of Singapore’s exports and imports.

#### b. **Interest Rate Centred Policy**

An interest rate centred policy involves adjusting the domestic interest rate to influence borrowing and saving decisions. While this can affect aggregate demand and inflation, it has limited direct impact on the external competitiveness of exports.

### 1.3. Advantages of Exchange Rate Centred Policy

#### a. **Direct Impact on Export Competitiveness**

- **Exchange Rate and Exports:** When the SGD appreciates, the prices of Singapore’s exports in foreign currencies rise, potentially reducing export competitiveness. Conversely, a weaker SGD makes Singapore’s exports cheaper and more attractive to foreign buyers.
- **Exchange Rate and Imports:** A stronger SGD makes imports cheaper, which can help control inflation by reducing the cost of imported goods.

#### b. **Faster Transmission Mechanism**

- **Immediate Effects:** Changes in the exchange rate have a rapid and direct impact on the prices of imports and exports, allowing MAS to quickly respond to external shocks.
- **Interest Rate Lag:** Changes in interest rates take time to affect consumer and business spending, leading to a lag in the transmission of monetary policy.

#### c. **Better Control Over Inflation**

- **Imported Inflation:** By managing the exchange rate, MAS can control the cost of imported goods, helping to keep inflation in check.
- **Export Price Competitiveness:** Exchange rate policy can help maintain the competitiveness of Singapore’s exports, supporting economic growth.

#### d. **Reduced Vulnerability to External Shocks**

- **Exchange Rate Buffer:** A managed float exchange rate provides a buffer against sudden changes in global demand or supply, allowing Singapore to absorb external shocks more smoothly.
- **Interest Rate Sensitivity:** Interest rates are more sensitive to global financial conditions, which can lead to greater volatility in the domestic economy.

### 1.4. Limitations of Interest Rate Policy

- **Limited Effectiveness in Small Economies:** In a small, open economy like Singapore, changes in interest rates have a limited impact on domestic demand and inflation.
- **Exchange Rate Pass-Through:** Interest rate changes can influence the exchange rate, but the effect is often indirect and less immediate compared to direct exchange rate policy.

---

## 2. Conclusion

In summary, the MAS’s exchange rate policy is more effective than interest rate policy for Singapore due to the country’s small, open economy structure, high dependence on exports, and the need for rapid and direct responses to external shocks. By managing the exchange rate, MAS can directly influence export competitiveness, control imported inflation, and provide a buffer against external volatility, making it a more suitable monetary policy tool for Singapore’s unique economic circumstances.",8,10,8,8.8,False,N/A,"The answer is generally clear and accessible, breaking down complex concepts like exchange rate policy and interest rate policy into simpler explanations. It uses everyday language and provides concrete examples, such as how a stronger SGD affects exports and imports. The structure is logical, moving from Singapore’s economic characteristics to the advantages of exchange rate policy, and finally to the limitations of interest rate policy. Concepts are explained step-by-step, making it easy to follow. However, there are a few places where the explanation could be even clearer, such as when discussing the ‘Nominal Effective Exchange Rate (NEER)’ and ‘perfect capital mobility.’ A few more definitions or examples would help a student who is less familiar with these terms.","Consider adding brief definitions for terms like NEER and perfect capital mobility. Also, include a short example or analogy to illustrate how exchange rate policy directly affects export competitiveness. This would make the answer even more accessible to students who are new to the topic.","The answer demonstrates a strong grasp of the theoretical underpinnings of exchange rate policy in small, open economies. It correctly identifies Singapore’s economic characteristics—small size, openness, and export dependence—and explains why exchange rate policy is more effective than interest rate policy. The causal chains are clear: exchange rate changes directly affect export competitiveness and imported inflation, while interest rate changes have limited direct effects in such economies due to perfect capital mobility and the interest rate parity condition. The answer also notes the faster transmission of exchange rate policy and its role in controlling imported inflation, which are both accurate. The logic is sound and the economic reasoning is robust. The answer does not contain any factual errors or misconceptions and shows a deeper understanding by discussing the practical implications of exchange rate policy for Singapore’s economy.",The answer is excellent and fully covers the core concepts outlined in the Ground Truth. No improvements are needed. The student has demonstrated a strong command of H2 Economics theory and applied it accurately to the Singaporean context.,"The answer demonstrates a strong understanding of Singapore’s economic characteristics as a small, open economy and explains why exchange rate policy is more effective than interest rate policy in this context. It references Singapore’s high dependence on exports and imports, and notes the limitations of interest rate policy due to perfect capital mobility and the rapid transmission of exchange rate changes. The answer also touches on the benefits of exchange rate policy in controlling imported inflation and maintaining export competitiveness. However, while the answer is well-structured and conceptually sound, it could be further strengthened by explicitly referencing Singapore’s actual exchange rate policy (e.g., the Nominal Effective Exchange Rate target) and providing a brief, specific example of how MAS has used this policy to respond to a recent external shock (such as the COVID-19 pandemic or the 2022 global chip shortage). The evaluation is balanced, weighing the pros and cons of both policies and considering short-run and long-run effects.","To achieve a higher score, explicitly mention Singapore’s exchange rate policy (e.g., the Nominal Effective Exchange Rate target) and provide a brief, specific example of how MAS has used this policy to respond to a recent external shock. This would further demonstrate a nuanced understanding of Singapore’s unique economic context."
"Explain how the ""Productivity Solutions Grant (PSG)"" acts as a supply-side policy in Singapore.","The PSG reduces the marginal cost of technology adoption for firms, shifting the Long-Run Aggregate Supply (LRAS) curve to the right by increasing capital productivity and potential output (Yf).","**Answer:**

---

### Introduction

The Productivity Solutions Grant (PSG) is a government initiative in Singapore that provides up to 50% funding to Small-Medium Enterprises (SMEs) for the procurement of equipment or digitalisation efforts aimed at increasing productivity. This question requires an explanation of how the PSG functions as a supply-side policy.

---

### Definition of Supply-Side Policy

A **supply-side policy** is a government intervention designed to increase the productive capacity of an economy by improving the efficiency of production, reducing costs, or enhancing the quality of goods and services. Supply-side policies focus on the ""supply"" of goods and services, rather than directly influencing demand.

---

### How PSG Acts as a Supply-Side Policy

#### 1. **Investment in Capital and Technology**

- **Capital Formation:** PSG enables SMEs to invest in new equipment or digitalisation projects. This investment increases the stock of physical capital available for production.
- **Technological Upgrading:** By funding digitalisation efforts (e.g., building websites), PSG encourages firms to adopt new technologies, which can improve efficiency and reduce production costs.

#### 2. **Improvement in Productivity**

- **Productivity Enhancement:** With better equipment and technology, firms can produce more output using the same amount of inputs. This is a classic supply-side effect, as productivity increases the economy’s capacity to produce goods and services.
- **Cost Reduction:** Technological improvements often lead to lower average and marginal costs of production, as fewer resources are needed to produce the same output.

#### 3. **Shift in the Production Possibility Curve (PPC)**

- **Outward Shift:** When firms become more productive due to PSG, the overall productive capacity of the economy increases. This is represented by an outward shift of the PPC, indicating that more goods and services can be produced with the same amount of resources.

#### 4. **Long-Term Economic Growth**

- **Sustainable Growth:** By fostering a more productive business environment, PSG contributes to long-term economic growth by increasing the economy’s potential output.

---

### Limitations

While PSG is a supply-side policy, it is not without limitations:

- **Revenue Constraints:** If the increase in productivity does not lead to higher sales or revenue, firms may not earn higher profits.
- **Implementation Challenges:** The effectiveness of PSG depends on how well businesses utilise the funding for productivity-enhancing activities. Some firms may not have the skills or know-how to implement new technologies effectively.

---

### Conclusion

In summary, the PSG acts as a supply-side policy by encouraging investment in capital and technology, improving productivity, shifting the PPC outward, and fostering long-term economic growth. However, its success depends on the effective implementation and utilisation of the grant by businesses.

---",9,10,7,8.7,False,N/A,"The answer is very clear and accessible, using simple language and breaking down complex concepts like supply-side policy, LRAS, and PPC into digestible steps. It defines key terms, explains how PSG works, and connects each point logically. The structure is logical, starting with an introduction, defining supply-side policy, explaining PSG’s effects, showing the economic impact, and concluding with limitations. The language is straightforward, and even a student who hasn’t studied H2 Economics before would likely understand the main points without needing additional help. The only minor improvement could be to briefly define terms like ‘marginal cost’ or ‘digitalisation’ for absolute clarity, but overall it is excellent for learning.",Consider adding one or two brief definitions for terms like ‘marginal cost’ or ‘digitalisation’ to make the answer even more accessible to absolute beginners.,"The Generated Answer demonstrates a strong understanding of how supply-side policies work and applies this to the PSG. The causal chain is clear: PSG → investment in technology/capital → increased productivity → lower costs → LRAS shifts right → higher potential output. The answer also discusses the PPC shift and long-term growth, which are valid supply-side outcomes. The mention of limitations (revenue constraints, implementation challenges) shows depth and critical thinking. The answer does not contain any major factual errors or misconceptions and covers the core concepts from the Ground Truth. The economic reasoning is sound and logically consistent with H2 Economics theory.",The answer is excellent and fully meets the Ground Truth’s requirements. No improvements are needed. The student has demonstrated a strong grasp of supply-side policy logic and applied it accurately to the PSG.,"The answer demonstrates a clear understanding of supply-side policy and how the PSG can reduce marginal costs and increase capital productivity, shifting the LRAS curve to the right. It explains the economic logic and provides a Singapore-specific context by referencing SMEs, digitalisation, and capital investment. However, the answer could be further strengthened by explicitly mentioning Singapore’s unique economic constraints (e.g., small domestic market, reliance on exports, need for productivity-driven growth) and by providing a more explicit evaluation of the PSG’s limitations (e.g., possible underutilisation of funds, short-run vs long-run effects, impact on competitiveness). The answer also lacks a direct reference to Singapore’s specific productivity challenges or government strategies (e.g., ERP, SkillsFuture) that could have made the application even more relevant.","To improve Singapore relevance, explicitly mention the country’s small domestic market and export orientation, and discuss how the PSG addresses productivity as a key driver of competitiveness. Also, include a brief evaluation of potential limitations (e.g., firms not fully leveraging grants, short-term costs vs long-term benefits)."
Discuss the impact of a global recession on Singapore’s Balance of Payments (BOP).,"A global recession reduces foreign income, leading to a fall in demand for Singapore's exports (X). This worsens the Current Account. However, if investors seek ""safe havens,"" the Capital and Financial Account might see inflows, partially offsetting the BOP deficit.","**Impact of a Global Recession on Singapore’s Balance of Payments (BOP)**

---

### 1. **Current Account**

#### a) **Exports and Goods Balance**

Singapore’s economy is highly dependent on global demand for its high-value-added goods and services, which have a positive income elasticity of demand (YED > 0). During a global recession, other countries experience falling incomes and reduced consumption, leading to a contraction in demand for Singapore’s exports. This results in a **decline in the goods balance** (as seen in Table 1 for 2022, where the goods balance is positive but may shrink during a recession).

- **Mechanism:**  
  - Lower global demand → reduced exports → decrease in Singapore’s goods balance (current account deficit may widen).
  - The goods balance is a key component of the current account, so its contraction directly impacts the overall current account.

#### b) **Imports and Services Balance**

While the demand for Singapore’s exports falls, the demand for imports may also decrease due to lower global incomes and reduced consumption. However, Singapore’s import demand is less sensitive to global income changes compared to exports, as its domestic demand is relatively inelastic.

- **Mechanism:**  
  - Lower global demand → reduced import demand → potential contraction in the services balance (current account may improve slightly).
  - However, the contraction in exports is likely to be more significant than the contraction in imports.

#### c) **Net Current Account**

Overall, the **net current account is likely to deteriorate** during a global recession, as the contraction in exports outweighs the potential contraction in imports. This leads to a larger current account deficit.

---

### 2. **Capital and Financial Account**

#### a) **Capital Flows**

During a global recession, investors may seek safety and liquidity, often moving capital out of emerging markets like Singapore. This results in a **net outflow of capital**, leading to a deterioration in the capital and financial account.

- **Mechanism:**  
  - Reduced confidence in global markets → outflow of foreign direct investment (FDI) and portfolio investment → negative capital and financial account balance.

#### b) **Exchange Rate Policy**

Singapore allows its exchange rate to depreciate during global recessions (e.g., 2009 and 2020). While depreciation makes Singapore’s exports cheaper, the impact on export demand is limited during a recession due to falling incomes and reduced willingness to consume abroad.

- **Mechanism:**  
  - Depreciation → lower export prices → potential boost to exports, but demand remains weak due to global recession.
  - Depreciation may attract some capital inflows, but the overall effect is likely to be limited.

---

### 3. **Overall Balance of Payments (BOP)**

The **overall BOP remains balanced** (by definition), but the composition changes:

- **Current Account:** Likely to deteriorate (larger deficit).
- **Capital and Financial Account:** Likely to deteriorate (larger deficit).
- **Net Errors and Omissions:** May adjust to offset the current and capital account deficits.

---

### 4. **Summary Table**

| Account              | Impact of Global Recession         |
|----------------------|------------------------------------|
| Current Account      | Deteriorates (larger deficit)      |
| Capital and Financial| Deteriorates (larger deficit)      |
| Overall BOP          | Remains balanced                    |

---

### 5. **Conclusion**

A global recession has a **negative impact on Singapore’s Balance of Payments**, primarily through a deterioration in the current account due to falling exports. While the capital and financial accounts may also worsen due to capital outflows, the overall BOP remains balanced. Singapore’s reliance on global demand and its limited ability to stimulate domestic demand during a recession make it particularly vulnerable to external shocks.",8,10,8,8.8,False,N/A,"The answer is generally clear and accessible, using straightforward language and breaking down complex concepts into logical steps. It explains the impact of a global recession on Singapore’s Balance of Payments (BOP) by addressing each account (Current, Capital and Financial) separately, with specific mechanisms and examples. The summary table and conclusion help reinforce the key points. However, there are a few areas where the explanation could be more concise and focused, and some repetition could be reduced for better flow.","Consider simplifying some sentences and removing minor repetitions (e.g., the explanation of depreciation and its impact on exports). Also, clarify the role of net errors and omissions more briefly. Overall, the answer is very suitable for a fellow student to understand without additional help.","The answer demonstrates a strong grasp of the theoretical underpinnings of how a global recession affects Singapore’s Balance of Payments. The causal chains are clear: a global recession reduces foreign incomes, which lowers demand for Singapore’s exports, worsening the Current Account. The answer also correctly notes that Singapore’s import demand is less sensitive to global income changes, but the contraction in exports is more significant, leading to a larger current account deficit. The analysis of the Capital and Financial Account is also sound, noting that investors may seek 'safe havens,' but during a global recession, confidence may wane, leading to capital outflows and a deterioration in the capital and financial account. The summary table and conclusion are well-structured and logically consistent. The answer does not contain any factual errors or misconceptions and shows a deep understanding of the topic.",The answer is theoretically sound and covers all the core concepts outlined in the Ground Truth. It demonstrates a clear understanding of the economic logic and provides a well-reasoned argument. No improvements are needed.,"The answer demonstrates a clear understanding of the Balance of Payments and its components, and applies the concepts to Singapore’s context. It identifies the likely deterioration of the current account due to falling exports and import demand, and discusses the potential deterioration of the capital and financial account due to capital outflows. The answer also notes that Singapore’s exchange rate may depreciate during a recession, which could potentially boost exports but is limited by the global recession context. The answer concludes that the overall BOP remains balanced, which is correct by definition. The answer includes a summary table and a conclusion, showing a structured approach. However, while the answer is generally strong, it could be improved by explicitly mentioning Singapore’s specific economic features, such as its heavy reliance on exports, its status as a financial hub, or its limited domestic demand. The answer could also provide a more nuanced evaluation of the potential for capital inflows despite the general trend of outflows, and consider the long-term implications for Singapore’s economy.","To achieve a higher score, explicitly mention Singapore’s specific economic features, such as its heavy reliance on exports, its status as a financial hub, or its limited domestic demand. Provide a more nuanced evaluation of the potential for capital inflows despite the general trend of outflows, and consider the long-term implications for Singapore’s economy."
Why does the Singapore government provide subsidies for the COVID-19 vaccine?,"Vaccination is a merit good with positive externalities in consumption (herd immunity). In a free market, individuals ignore external benefits, leading to under-consumption and deadweight loss. Subsidies shift MPB towards MSB to reach the social optimum (Qs).","**Why Does the Singapore Government Provide Subsidies for the COVID-19 Vaccine?**

---

### 1. **Externalities and Merit Goods**

#### **a. Positive Externalities**

The COVID-19 vaccination is a classic example of a **good with positive externalities**. When an individual gets vaccinated, they not only protect themselves from severe illness but also reduce the risk of transmitting the virus to others in the community. This **positive externality** means that the social benefit of vaccination exceeds the private benefit enjoyed by the individual.

#### **b. Merit Goods**

Vaccination is also considered a **merit good**—a good whose consumption is deemed socially desirable by the government. The government believes that widespread vaccination is essential for public health, social welfare, and economic stability.

---

### 2. **Market Failure and Underprovision**

#### **a. Market Failure**

In a free market, individuals may under-consume goods with positive externalities because they do not bear the full social cost of their actions. For example, an unvaccinated person may not consider the risk of infecting others, leading to lower vaccination rates than socially optimal.

#### **b. Underprovision**

Because of this **market failure**, the private market will likely underprovide the vaccine. Without government intervention, there would be insufficient vaccination coverage, resulting in higher rates of infection and potentially overwhelming the healthcare system.

---

### 3. **Government Intervention: Subsidies**

#### **a. Price Subsidies**

To address this underprovision, the Singapore government can **subsidise the vaccine**. This means paying for the vaccine or covering the cost for citizens, effectively setting the price at zero (P = 0). By doing so, the government ensures that everyone has access to the vaccine, regardless of their ability to pay.

#### **b. Internalising Externalities**

Subsidising the vaccine **internalises the positive externality**. When individuals receive the vaccine, they also contribute to the collective protection of society, making the market outcome more efficient and closer to the socially optimal level.

---

### 4. **Public Health and Social Welfare**

#### **a. Preventing Disease Spread**

By increasing vaccination rates, the government reduces the spread of COVID-19, protecting vulnerable populations and preventing outbreaks.

#### **b. Economic Stability**

A healthier population is more productive and less likely to experience disruptions due to illness or lockdowns. Vaccination subsidies thus contribute to **economic stability** and **public welfare**.

---

### 5. **Equity and Access**

#### **a. Universal Access**

Subsidising the vaccine ensures **universal access** to this critical public health intervention, reducing health disparities and promoting equity.

#### **b. Reducing Financial Burden**

For low-income households, the cost of vaccination could be prohibitive. Government subsidies alleviate this burden, ensuring that vaccination is not a luxury but a right.

---

### 6. **Long-term Benefits**

#### **a. Herd Immunity**

High vaccination rates can lead to **herd immunity**, where the spread of the virus is significantly reduced, even among those who cannot be vaccinated (e.g., due to medical conditions).

#### **b. Cost Savings**

By preventing outbreaks and reducing the need for costly interventions (such as hospitalizations and lockdowns), the government saves money in the long run.

---

### **Conclusion**

The Singapore government provides subsidies for the COVID-19 vaccine to address **market failures** associated with goods with **positive externalities** and **merit goods**. By doing so, the government ensures that the vaccine is widely consumed, leading to improved public health, economic stability, and social welfare. This intervention internalises the positive externalities of vaccination, promotes equity, and ultimately benefits society as a whole.",9,10,6,8.35,False,N/A,"The answer is very clear and accessible. It uses simple language and avoids unnecessary jargon, explaining terms like 'merit good' and 'positive externalities' when first introduced. Concepts are broken down logically, starting with definitions, then moving to market failures, government intervention, and finally the benefits. The structure is step-by-step, making it easy to follow. A fellow student would likely understand this without needing additional help, as each point builds on the last and is explained in a straightforward manner.","The answer is already very clear and effective. To further improve, consider adding a brief real-world example (e.g., how subsidies have helped Singapore reach high vaccination rates) to make the explanation even more relatable and memorable.","The Generated Answer demonstrates a clear understanding of the economic rationale behind government subsidies for vaccines. It correctly identifies vaccination as a merit good with positive externalities (herd immunity), and explains how, in a free market, individuals ignore these external benefits, leading to under-consumption and deadweight loss. The answer then logically applies the concept of subsidies to shift the private marginal benefit (MPB) towards the social marginal benefit (MSB), reaching the social optimum. The answer also touches on public health, economic stability, and equity, which are valid extensions of the core economic logic. The causal chains are complete and the economic reasoning is sound. There are no factual errors or misconceptions, and the analysis goes beyond simply stating the obvious by providing a nuanced explanation of the market failure and the role of government intervention.",The answer is excellent and fully covers the core economic concepts outlined in the Ground Truth. No improvements are needed.,"The answer provides a strong theoretical explanation of why the Singapore government subsidises the COVID-19 vaccine, citing market failure, positive externalities, and merit goods. It also explains the mechanism of subsidies and their intended effects on public health and economic stability. However, while the answer is conceptually sound and includes some Singapore-specific context (e.g., universal access, equity, herd immunity), it does not explicitly reference Singapore's unique economic constraints, such as its small size, open economy, or specific public health challenges. The answer does not use concrete Singapore-specific examples (e.g., how subsidies were implemented, how they affected vaccination rates, or any comparative analysis with other countries). The evaluation is present but somewhat generic, lacking a nuanced discussion of potential drawbacks (e.g., fiscal costs, administrative challenges, or the risk of vaccine fatigue). The answer is well-structured and logically consistent, but it could be improved by incorporating more Singapore-specific facts or examples.","To improve Singapore relevance, include specific references to how subsidies were implemented in Singapore (e.g., the Vaccination Subsidy Scheme), mention any unique challenges faced by Singapore (such as its high population density or reliance on imports), and provide concrete examples of the impact of subsidies on vaccination rates or public health outcomes. Additionally, consider a more balanced evaluation by discussing potential drawbacks or criticisms of the subsidy approach in the Singapore context."
"How does a high ""Marginal Propensity to Save (MPS)"" in Singapore affect the multiplier size?","Singapore has a high MPS due to compulsory CPF savings. According to the formula k = 1/(MPS+MPT+MPM), a high MPS increases the denominator, resulting in a small multiplier effect (k), meaning fiscal stimulus has a limited impact on National Income.","**How Does a High Marginal Propensity to Save (MPS) in Singapore Affect the Multiplier Size?**

---

### 1. **Understanding the Multiplier Effect**

The **multiplier effect** measures how an initial change in spending (such as government expenditure or investment) propagates through the economy, resulting in a larger total change in aggregate demand (AD). The formula for the multiplier is:

\[
k = \frac{1}{1 - (MPS + MPT + MPM)}
\]

Where:
- **MPS** = Marginal Propensity to Save
- **MPT** = Marginal Propensity to Tax
- **MPM** = Marginal Propensity to Import

---

### 2. **Role of MPS in the Multiplier**

- **MPS** is the proportion of additional income that households save rather than spend domestically.
- A **higher MPS** means that a larger portion of extra income is saved rather than spent on local goods and services.
- When people save more, less of each additional dollar earned is recycled back into the domestic economy as consumption.

---

### 3. **Impact of High MPS on the Multiplier Size**

- **Higher MPS → Lower Multiplier Size**
    - The denominator in the multiplier formula (\(1 - (MPS + MPT + MPM)\)) becomes smaller as MPS increases.
    - A smaller denominator results in a **smaller multiplier value**.
    - This means that an initial increase in spending will generate **less total increase in AD** than it would in an economy with a lower MPS.

---

### 4. **Singapore’s Context**

- Singapore has a **high MPS** due to its compulsory savings scheme ( CPF), which encourages residents to save a significant portion of their income.
- This high MPS, combined with a high MPM (due to import dependence), leads to a **small multiplier effect**.
- As a result, government spending or investment in Singapore is less effective at boosting overall economic activity compared to economies with lower MPS and MPM.

---

### 5. **Graphical Representation**

A diagram showing the **AD-AS model** would illustrate:
- An initial increase in AD (from AD1 to AD2) due to government spending.
- The **smaller increase in real output** (from Y1 to Y2) due to the small multiplier.
- The **leakages** (savings and imports) absorbing a larger portion of the additional income.

---

### 6. **Conclusion**

A **high MPS** reduces the multiplier size in Singapore because it means a larger share of each additional dollar earned is saved rather than spent domestically. This limits the extent to which initial increases in spending can stimulate overall economic activity, making fiscal policy less potent in this open, import-reliant economy.

---

**In summary:**  
A high MPS leads to a smaller multiplier because more income is saved than spent, reducing the total impact of changes in spending on aggregate demand.",9,10,9,9.4,False,N/A,"The answer is very clear and accessible. It starts by defining the multiplier effect and the MPS, then logically explains how a high MPS affects the multiplier size. The explanation is broken down into simple steps, with each point building on the previous one. The use of the formula is explained in context, and the Singapore example is relevant and easy to follow. The conclusion summarizes the main point effectively. The language is straightforward, and there are no unnecessary jargon terms. The answer would be very easy for a fellow student to understand without additional help.","The answer is already very clear and understandable. No major improvements are needed. However, if you want to make it even more accessible, you could consider adding a brief definition of the terms 'multiplier effect' and 'marginal propensity to save' for students who might be unfamiliar with them.","The Generated Answer demonstrates a clear understanding of the multiplier formula and the role of MPS in determining its size. It correctly identifies that a higher MPS increases the denominator of the multiplier, thus reducing the multiplier effect. The answer also contextualizes Singapore's high MPS due to the CPF system and explains the implications for fiscal policy. The logic is sound and the economic reasoning is complete. The answer does not contain any factual errors or misconceptions and provides a thorough explanation of the concept. The conclusion is appropriate and aligns with the theoretical framework of H2 Economics.",The answer is excellent and meets all the criteria for theoretical correctness. No improvements are needed.,"The answer demonstrates a clear understanding of the multiplier effect and its formula, correctly explaining that a higher MPS reduces the multiplier size. It also provides a specific Singapore context by referencing the compulsory CPF savings scheme, which leads to a high MPS. The explanation is logical and well-structured, showing how this affects fiscal policy in Singapore. The answer includes a balanced evaluation by discussing the implications of a small multiplier effect, such as limited impact of fiscal stimulus on National Income. The use of Singapore-specific examples and the application of economic concepts to the Singapore context are strong points.","The answer is highly relevant to Singapore and effectively applies economic concepts to the local context. To further improve, the answer could include a brief mention of how Singapore's high MPS might be offset by other factors, such as government investment in education or infrastructure, which could have a larger multiplier effect. Additionally, a short discussion on the long-term implications of a high MPS could add depth to the evaluation."
Is the demand for Singapore's electronics exports likely to be price elastic or inelastic?,"Highly price elastic (PED > 1) due to the availability of many international substitutes (e.g., from Taiwan or Korea). Thus, a slight increase in the exchange rate can lead to a more than proportionate fall in quantity demanded, worsening export revenue. However, Singaporean electronics are often price inelastic because they occupy high-tech, specialized niches with few direct substitutes, making global buyers less sensitive to price changes. Furthermore, as an export-oriented economy focused on high-value manufacturing, Singapore’s reputation for precision and reliability creates a ""brand"" loyalty that outweighs minor price fluctuations.","**Is the demand for Singapore's electronics exports likely to be price elastic or inelastic?**

---

### 1. **Introduction**

The demand elasticity of exports refers to how responsive the quantity demanded of a country's exports is to changes in their price. For Singapore's electronics exports, understanding the price elasticity is crucial for policymakers and businesses, as it affects export revenue and competitiveness.

---

### 2. **Singapore's Electronics Export Characteristics**

- **High Quality and Precision:** Singapore’s electronics are renowned for their high quality, precision, and stringent quality control, making them globally sought-after.
- **Specialized Products:** Many of Singapore’s exports are specialized, high-tech electronic goods that are not easily substituted by other countries.
- **Global Demand:** There is strong global demand for Singapore’s electronic products, especially from countries with advanced manufacturing sectors.

---

### 3. **Determinants of Price Elasticity**

Price elasticity of demand is influenced by several factors:

- **Availability of Close Substitutes:** If there are many close substitutes, demand is likely to be more elastic.
- **Necessity vs. Luxury:** Necessities tend to have inelastic demand, while luxuries are more elastic.
- **Proportion of Income Spent:** Goods that take up a large proportion of consumers' income tend to be more elastic.
- **Time Horizon:** Demand is usually more elastic in the long run than in the short run.

---

### 4. **Application to Singapore’s Electronics Exports**

- **Lack of Close Substitutes:** Due to Singapore’s reputation for high quality and precision, its electronics are not easily substituted by products from other countries, especially in specialized markets.
- **Necessity in Advanced Economies:** Many advanced economies rely on Singapore’s electronics for their own industries, making them somewhat necessary.
- **High Income Elasticity:** Electronics are often considered luxury or high-income goods, but for advanced economies, they are also essential inputs.
- **Time Horizon:** In the short run, demand may be inelastic due to the lack of substitutes and the essential nature of these products in global supply chains.

---

### 5. **Conclusion**

Given the high quality, specialization, and global demand for Singapore’s electronics, **the demand for Singapore’s electronics exports is likely to be price inelastic** (|PEDx| < 1). This means that even if prices increase, the quantity demanded will not fall significantly, as consumers and businesses have few alternatives and rely on these products for their operations.

---

### 6. **Implications**

- **Policy Implications:** Policymakers can consider raising prices to increase export revenue without significantly reducing export volumes.
- **Business Implications:** Exporters can focus on maintaining quality and innovation rather than competing primarily on price.

---

**In summary:** The demand for Singapore’s electronics exports is likely to be price inelastic due to the lack of close substitutes, the essential nature of these products in global supply chains, and the strong global demand for high-quality electronics.",8,9,7,8.05,False,N/A,"The answer is generally clear and accessible, breaking down the concept of price elasticity and applying it to Singapore's electronics exports. It explains key determinants of elasticity and applies them to the specific context, making the logic easy to follow. However, the ground truth mentions both price elasticity and inelasticity, which creates some confusion. The answer does not fully address the nuance that while some products are inelastic, others may be elastic due to substitutes or market conditions. The conclusion is strong, but the explanation could be more precise in acknowledging both perspectives.","To improve, the answer should explicitly acknowledge both sides of the argument (price elastic and inelastic) and clarify why certain Singaporean electronics might be inelastic while others could be elastic. This would make the answer more balanced and directly address the ground truth.","The answer provides a logical, well-reasoned economic argument that considers both sides of the debate regarding price elasticity of demand for Singapore’s electronics exports. It identifies key determinants of price elasticity (availability of substitutes, necessity, proportion of income, time horizon) and applies them to the specific context of Singapore’s electronics. The answer acknowledges that, due to the high quality, specialization, and global demand for Singapore’s electronics, demand is likely to be price inelastic (|PEDx| < 1). It also notes that in the short run, demand may be inelastic due to the lack of substitutes and the essential nature of these products in global supply chains. The answer concludes that, given these factors, the demand for Singapore’s electronics exports is likely to be price inelastic. The answer is theoretically sound and covers the core economic logic contained within the Ground Truth. It does not contain any factual errors or misconceptions and demonstrates a deeper understanding of the topic by considering multiple perspectives and providing a nuanced analysis.","The answer is well-structured and provides a comprehensive analysis of the topic. To further improve, the answer could explicitly reference the H2 Economics syllabus concepts (e.g., PED, determinants of PED) and provide more concrete examples of Singapore’s electronics and their global demand. Additionally, the answer could discuss the potential long-term effects of price changes on demand elasticity.","The answer demonstrates a clear understanding of price elasticity of demand and applies it to Singapore’s electronics exports. It correctly identifies that demand is likely to be price inelastic due to the lack of close substitutes, the essential nature of these products in global supply chains, and the strong global demand for high-quality electronics. The answer also discusses the implications of this inelasticity for both policymakers and businesses, showing a balanced evaluation. However, while the answer does reference Singapore’s electronics exports and their global competitiveness, it does not explicitly mention any unique Singaporean constraints or provide specific Singaporean examples (such as the impact of the exchange rate on export revenue or the role of government policies in supporting the electronics sector). The answer is well-structured and covers the economic concepts thoroughly, but it could be strengthened by incorporating more Singapore-specific details.","To improve Singapore relevance, consider including specific examples such as the impact of the Singapore dollar’s exchange rate on export competitiveness, the role of government agencies like Enterprise Singapore in supporting the electronics sector, or the effects of global supply chain disruptions on Singapore’s electronics exports. This would make the answer more tailored to the Singapore context and demonstrate a deeper understanding of the country’s unique economic situation."
"Explain the ""Crowding Out Effect"" in the context of Singapore’s fiscal policy.","Crowding out is generally less significant in Singapore because the government finances spending through accumulated reserves rather than borrowing from the domestic loanable funds market, thus avoiding upward pressure on interest rates.","Certainly! Here is a comprehensive, well-structured answer to the student’s question:

---

## The Crowding Out Effect in the Context of Singapore’s Fiscal Policy

### 1. Introduction to the Crowding Out Effect

The **crowding out effect** refers to the phenomenon where increased government borrowing to finance a deficit leads to higher interest rates, which in turn reduces private sector investment. This occurs because government borrowing competes with private sector borrowing for funds in the financial markets.

### 2. Mechanism of Crowding Out

- **Government Borrowing:** When the government runs a deficit, it needs to borrow funds, typically by issuing government bonds.
- **Demand for Funds:** This increases the demand for loanable funds in the economy.
- **Rising Interest Rates:** As the demand for funds rises, interest rates in the economy tend to increase.
- **Impact on Private Investment:** Higher interest rates make borrowing more expensive for private firms, leading to reduced investment.

### 3. Application to Singapore’s Fiscal Policy

#### a) Singapore’s Prudent Fiscal Policy

- **Accumulation of Fiscal Reserves:** Singapore has historically maintained fiscal discipline, resulting in budget surpluses and the accumulation of fiscal reserves.
- **Borrowing Limitations:** Due to these reserves, the government rarely needs to borrow extensively to finance deficits.
- **Interest Rate Dynamics:** Because of the surplus of funds in the economy, Singapore’s interest rates tend to be lower and more in line with global rates.

#### b) Limited Crowding Out in Singapore

- **Low Borrowing Needs:** With ample fiscal reserves, the government rarely needs to borrow, reducing competition for funds in the financial market.
- **Interest Rate Stability:** The surplus of funds means that government borrowing does not significantly push up interest rates.
- **Minimal Impact on Private Investment:** Since interest rates remain low and stable, private sector investment is not significantly crowded out by government borrowing.

#### c) Development Expenditure and Fiscal Policy

- **High Development Spending:** Singapore allocates a significant portion of its government expenditure to development projects, which are often funded through tax revenues rather than borrowing.
- **Competitiveness and Investment Attraction:** Singapore’s tax policies are designed to enhance economic competitiveness and attract foreign investment, further supporting private sector growth.

### 4. Conclusion

In summary, the **crowding out effect** is less pronounced in Singapore due to its prudent fiscal management, which results in low government borrowing needs and stable interest rates. This allows the government to invest in development without significantly reducing private sector investment, thereby supporting overall economic growth.

---

**Note:** While the context provided does not explicitly mention the crowding out effect, the information about fiscal discipline, low borrowing, and stable interest rates allows for a comprehensive explanation of how the crowding out effect is minimized in Singapore’s fiscal policy.",9,9,8,8.65,False,N/A,"The answer is very clear and accessible, using simple language and breaking down complex concepts like the crowding out effect step-by-step. It starts with a definition, explains the mechanism, applies it to Singapore’s specific context, and concludes with a summary. The language is easy to follow, and the logical flow helps the reader understand how Singapore’s fiscal policy minimizes the crowding out effect. Concepts are explained in a way that a fellow student could grasp without needing additional help.","The answer is already very understandable, but it could be slightly improved by adding a brief definition of fiscal reserves and a short example of how Singapore’s reserves have been used in the past. This would further enhance clarity for students who may not be familiar with these terms.","The Generated Answer demonstrates a clear understanding of the crowding out effect and applies it to Singapore’s fiscal policy. The causal chain is complete: increased government borrowing → higher interest rates → reduced private investment. The answer correctly identifies that Singapore’s fiscal policy is characterized by low borrowing needs due to accumulated reserves, which keeps interest rates stable and minimizes crowding out. The economic reasoning is sound and aligns with H2 Economics theory. The answer also provides additional context about Singapore’s development expenditure and tax policies, which is relevant and does not contradict the core logic. The answer does not contain factual errors or misconceptions and shows a deeper understanding of how fiscal policy interacts with the private sector in Singapore. The conclusion, while different from the Ground Truth, is logically consistent with the reasoning provided.","The answer is excellent and covers all the key concepts. To further strengthen it, you could explicitly mention the impact of global financial markets on Singapore’s interest rates, as well as the role of foreign investment in offsetting any potential crowding out effects. However, these are not necessary for correctness and are more advanced evaluation points.","The answer provides a clear explanation of the crowding out effect and applies it to Singapore’s fiscal policy. It correctly identifies that Singapore’s government rarely needs to borrow due to accumulated reserves, which keeps interest rates low and minimizes the crowding out effect. The answer also references Singapore’s fiscal discipline and development spending, which are relevant to the country’s context. However, while the answer is well-structured and conceptually sound, it could benefit from more explicit evaluation of the pros and cons of Singapore’s approach, as well as a brief discussion of potential long-run implications.","To further improve, consider adding a brief evaluation of the potential drawbacks of Singapore’s low borrowing approach (e.g., opportunity cost of not investing in infrastructure) and a short discussion of how this fiscal policy might affect economic growth in the long run. This would demonstrate a more nuanced understanding of the topic and strengthen the evaluation component."
"Why is ""Cyclical Unemployment"" a major concern for Singapore compared to ""Structural Unemployment""?","As an export-oriented economy, Singapore is highly vulnerable to fluctuations in the global trade cycle. While structural issues exist (skills mismatch), global downturns cause rapid shifts in AD, leading to significant cyclical unemployment.","**Why is ""Cyclical Unemployment"" a Major Concern for Singapore Compared to ""Structural Unemployment""?**

---

### Introduction

Unemployment is a key indicator of economic health and stability. Singapore, as a small open economy, is particularly vulnerable to global economic shocks. This question requires a nuanced understanding of both cyclical and structural unemployment, and how they manifest in the Singapore context.

---

### 1. **Definitions**

**Cyclical Unemployment:**  
This type of unemployment arises due to fluctuations in the business cycle, such as recessions or economic downturns. When aggregate demand falls, firms reduce production and lay off workers, leading to cyclical unemployment.

**Structural Unemployment:**  
This occurs when there is a mismatch between the skills of workers and the requirements of available jobs. Technological change, globalization, or shifts in industry structure can cause structural unemployment.

---

### 2. **Singapore’s Economic Context**

Singapore has historically maintained a very low unemployment rate (less than 2% for the past decade), which is a testament to its strong economic growth and effective labor market policies. However, this low unemployment rate also means that structural unemployment is relatively low, as the labor market is flexible and responsive to changes.

---

### 3. **Why Cyclical Unemployment is a Major Concern**

#### a. **Vulnerability to Global Shocks**

Singapore’s economy is highly integrated into global supply chains and trade. Events such as the COVID-19 pandemic, global financial crises, or sudden drops in demand (e.g., during the 2008 Global Financial Crisis) can have a rapid and severe impact on Singapore’s real national output. As the context notes, a decrease in real national output suggests a fall in the demand for labor, leading to an increase in cyclical unemployment.

#### b. **Multiplier Effect**

Singapore’s economy operates within the circular flow of income. A decrease in aggregate demand (AD) leads to lower real national income, which reduces household income and expenditure. This reduction in expenditure further decreases income, creating a negative multiplier effect. As a result, cyclical unemployment can rise quickly and significantly.

#### c. **Policy Response and Inclusive Growth**

During economic downturns, cyclical unemployment can disproportionately affect lower-income groups, exacerbating inequality. Government spending increases (as in part (b) of the question) can help mitigate cyclical unemployment via the reverse multiplier effect, boosting aggregate demand and income, which in turn supports employment.

#### d. **Short-Term vs. Long-Term Unemployment**

Cyclical unemployment is typically short-term. However, in Singapore, where structural unemployment is already low, a sudden rise in cyclical unemployment can still be disruptive, as it may lead to a loss of skills and experience among workers, potentially making it harder for them to re-enter the labor market when the economy recovers.

---

### 4. **Why Structural Unemployment is Less of a Concern**

#### a. **Low Structural Unemployment Rate**

Singapore’s labor market is highly flexible, with active job placement services and continuous skills upgrading programs. This has kept structural unemployment rates low.

#### b. **Continuous Skill Development**

The government and private sector invest heavily in education and training, ensuring that the workforce can adapt to changing economic demands. This proactive approach minimizes the risk of persistent skill mismatches.

---

### 5. **Conclusion**

In summary, cyclical unemployment is a major concern for Singapore due to its vulnerability to global economic shocks, the rapid multiplier effects in a small open economy, and the potential for inequality during downturns. While structural unemployment is less of a concern due to the country’s proactive labor market policies and low unemployment rate, cyclical unemployment remains a significant challenge that requires careful policy management.

---

**References:**  
- Circular flow of income diagram  
- Singapore Economic Development Board (EDB) reports  
- 2020 CJC Prelims, Section C, Question 1(a)",9,10,8,9.05,False,N/A,"The answer is well-structured and uses clear language. It starts with definitions, then explains Singapore’s context, and logically breaks down why cyclical unemployment is a bigger concern. Concepts like the multiplier effect and the negative impacts of global shocks are explained in simple terms. The answer also contrasts cyclical and structural unemployment effectively. However, some sentences could be even more concise, and a few terms (like 'multiplier effect') could be briefly defined for absolute clarity. Overall, the answer is very accessible and would help most students understand the topic.","Consider briefly defining key terms like 'multiplier effect' and 'cyclical unemployment' for students who may not be familiar with them. Also, a short summary at the end could reinforce the main points.","The answer demonstrates a strong understanding of both cyclical and structural unemployment, and applies them appropriately to Singapore’s context. It correctly identifies Singapore’s vulnerability to global economic shocks as a key reason cyclical unemployment is a major concern. The answer also logically explains the multiplier effects and the potential for inequality during downturns, which are valid economic arguments. The discussion of structural unemployment is accurate, noting that Singapore’s labor market policies and continuous skill development have kept structural unemployment low. The answer is well-structured, with clear definitions and logical flow. It also references the circular flow of income and multiplier effects, and includes relevant references to Singapore’s economic reports. The answer does not contain any factual errors or misconceptions and shows a deep understanding of the economic concepts involved.",The answer is excellent and covers all the key concepts and logic required. No improvements are needed.,"The answer demonstrates a strong understanding of both cyclical and structural unemployment, and it clearly explains why cyclical unemployment is a major concern for Singapore. It correctly identifies Singapore’s vulnerability to global economic shocks due to its export-oriented economy and small open economy status. The answer also discusses the multiplier effect and the negative impact on lower-income groups during downturns, which are relevant to Singapore’s context. The answer uses the circular flow of income diagram and Singapore’s labor market policies to support its arguments. However, it could be improved by providing more specific examples of global shocks that have affected Singapore, such as the COVID-19 pandemic or the 2008 Global Financial Crisis.","To further strengthen the answer, consider including more specific examples of global economic shocks that have impacted Singapore. This will provide a more concrete illustration of the country’s vulnerability to cyclical unemployment."
"Evaluate the use of ""Carbon Taxes"" in Singapore to correct market failure.","A carbon tax internalizes the external cost of pollution (Negative Externality in Production). By setting a tax equal to the Marginal External Cost (MEC) at the social optimum, the MPC is shifted to the MSC, eliminating deadweight loss.","**Evaluation of the Use of Carbon Taxes in Singapore to Correct Market Failure**

---

### **Introduction**

Singapore has implemented a carbon tax as a policy instrument to address market failure arising from negative externalities associated with greenhouse gas (GHG) emissions. Market failure occurs when the social cost of an economic activity exceeds its private cost, leading to overproduction of harmful goods or services. In the context of climate change, GHG emissions impose significant external costs on society, such as rising global temperatures and extreme weather events. This essay evaluates the effectiveness of Singapore’s carbon tax in correcting this market failure.

---

### **1. Theoretical Rationale for Carbon Taxes**

A carbon tax is a Pigovian tax, named after economist Arthur Pigou, designed to internalize negative externalities. By imposing a tax on the emission of carbon dioxide (CO₂) and other GHGs, the government increases the private cost of emitting these gases. This encourages firms and individuals to reduce their emissions, as the cost of emitting more rises. The tax aims to align private incentives with social welfare, thereby correcting the market failure.

---

### **2. Application in Singapore**

#### **2.1 Scope and Coverage**

Singapore’s carbon tax applies to facilities emitting at least 25,000 tonnes of GHGs per year. These facilities, which include oil refineries, power plants, and semiconductor companies, account for 80% of the country’s total emissions. This targeted approach ensures that the tax is levied on the largest polluters, maximizing its impact.

#### **2.2 Policy Objectives**

The main objectives of Singapore’s carbon tax are:
- To reduce GHG emissions and mitigate climate change.
- To provide market incentives for firms to invest in cleaner technologies and energy efficiency.
- To support Singapore’s transition to a low-carbon economy and its commitment to net-zero emissions by 2050.

---

### **3. Effectiveness in Correcting Market Failure**

#### **3.1 Internalizing Externalities**

By charging firms for their emissions, the carbon tax internalizes the external costs previously borne by society. This creates a financial incentive for firms to reduce their emissions, as doing so lowers their tax liability. For example, a power plant may invest in renewable energy sources or energy-efficient technologies to avoid higher taxes.

#### **3.2 Market-Based Incentive**

The carbon tax provides a predictable and stable price signal for GHG emissions. This encourages firms to innovate and adopt cleaner technologies, as they can anticipate future costs. It also allows for flexibility, as firms can choose the most cost-effective ways to reduce their emissions.

#### **3.3 Revenue Generation and Policy Complementarity**

The revenue generated from the carbon tax can be used to fund environmental initiatives, such as research and development in green technologies, or to support industries in their transition to lower-carbon operations. This complements other policies, such as subsidies for renewable energy or regulations on emissions standards.

---

### **4. Limitations and Challenges**

#### **4.1 Scope and Coverage**

The carbon tax currently applies only to large emitters, which account for 80% of emissions. However, smaller firms and households, which also contribute to emissions, are not subject to the tax. This means that the tax may not fully internalize the external costs of all emissions, potentially limiting its effectiveness.

#### **4.2 Risk of Carbon Leakage**

Singapore’s economy is export-oriented, and firms may relocate production to countries with lower carbon taxes or no carbon taxes at all. This could lead to ""carbon leakage,"" where emissions are simply shifted rather than reduced globally.

#### **4.3 Potential Economic Impact**

While the carbon tax can drive innovation and cleaner production, it may also increase production costs for firms, potentially leading to higher prices for consumers or reduced competitiveness. The government must carefully balance environmental goals with economic considerations.

---

### **5. Conclusion**

Singapore’s carbon tax is a market-based instrument that effectively corrects market failure by internalizing the external costs of GHG emissions. It provides firms with financial incentives to reduce emissions and invest in cleaner technologies. However, the tax’s scope is limited, and it faces challenges such as carbon leakage and potential economic impacts. To maximize its effectiveness, Singapore must consider expanding the tax to cover smaller emitters, strengthening international cooperation, and ensuring that the economic burden is managed equitably.

---

**In summary**, while the carbon tax is a valuable tool for addressing market failure and combating climate change, its success depends on careful design and implementation, as well as complementary policies to address its limitations.",8,10,7,8.45,False,N/A,"The answer is generally clear and accessible, using straightforward language and explaining key economic concepts like 'market failure,' 'negative externalities,' and 'Pigovian tax' in simple terms. Concepts are broken down logically, starting with an introduction, then explaining the theoretical rationale, applying it to Singapore, discussing effectiveness, limitations, and concluding with a summary. The structure is easy to follow, and the explanation of how a carbon tax works is step-by-step. However, there are some minor gaps in the explanation of how the tax 'shifts MPC to MSC' and eliminates deadweight loss, which could be clarified further for deeper understanding. The answer would be understandable to most students, but could be improved by adding more explicit examples or diagrams to illustrate the economic concepts.","Consider adding more explicit examples or diagrams to illustrate how the carbon tax shifts the marginal private cost (MPC) to the marginal social cost (MSC) and eliminates deadweight loss. Also, clarify the relationship between the tax rate and the marginal external cost (MEC) at the social optimum. These additions would make the answer even more effective for learning.","The answer demonstrates a strong understanding of the economic rationale behind carbon taxes and their application in Singapore. It correctly identifies the market failure (negative externality in production) and explains how a carbon tax internalizes this externality by shifting the private marginal cost (MPC) to the social marginal cost (MSC), thus eliminating deadweight loss. The answer also discusses the scope, objectives, and effectiveness of Singapore’s carbon tax, including its theoretical soundness as a Pigovian tax. It acknowledges limitations such as scope, carbon leakage, and economic impact, showing a nuanced understanding of the policy. The causal chains are clear and logically connected, and the economic reasoning is sound and consistent with H2 Economics theory. The answer does not contain factual errors or misconceptions and shows depth of analysis by considering both the benefits and challenges of the policy.",The answer is excellent and fully covers the core economic concepts outlined in the Ground Truth. No improvements are needed. The student has demonstrated a high level of theoretical understanding and logical reasoning.,"The answer demonstrates a clear understanding of the economic concept of carbon taxes and their role in correcting market failure. It explains how a carbon tax internalizes external costs and provides incentives for firms to reduce emissions. The answer also discusses the effectiveness of Singapore’s carbon tax, including its scope, objectives, and challenges such as carbon leakage and economic impact. While the answer does not explicitly mention Singapore’s unique economic context, it does refer to Singapore’s commitment to net-zero emissions and its targeted approach to the carbon tax. The answer provides a balanced evaluation by weighing the pros and cons of the carbon tax and considering both short-term and long-term effects. However, it could be improved by including more specific examples of Singapore’s economic context and challenges.","To improve Singapore relevance, consider including more specific examples of Singapore’s economic context and challenges. For instance, you could discuss how Singapore’s small size and reliance on imports and exports make it vulnerable to carbon leakage. Additionally, you could mention how Singapore’s government has used the revenue generated from the carbon tax to fund environmental initiatives and support industries in their transition to a low-carbon economy."
"How does the ""Singapore-Australia Free Trade Agreement (SAFTA)"" affect the domestic labor market?","SAFTA increases market access, boosting AD and demand for labor in export sectors. However, it may increase structural unemployment in sunset industries that cannot compete with cheaper Australian imports, necessitating retraining.","**How Does the Singapore-Australia Free Trade Agreement (SAFTA) Affect the Domestic Labor Market?**

---

### 1. **Introduction**

The Singapore-Australia Free Trade Agreement (SAFTA) is a bilateral agreement that aims to reduce or eliminate trade barriers between Singapore and Australia. By doing so, SAFTA facilitates greater trade and investment flows between the two countries. This essay will examine how SAFTA affects the domestic labor market in Singapore, using relevant economic concepts and theories.

---

### 2. **Expansion of Exports and Import Competitiveness**

#### 2.1. **Increased Exports**
- **Lower Tariffs:** SAFTA reduces tariffs and non-tariff barriers on Singapore’s exports to Australia. This makes Singaporean goods more competitive in the Australian market.
- **Export Growth:** With improved access to the Australian market, Singaporean firms are likely to increase their export volumes.
- **Multiplier Effect:** Increased exports boost domestic production, leading to higher demand for labor in export-oriented sectors.

#### 2.2. **Import Competitiveness**
- **Cheaper Imports:** Singapore can import Australian goods more cheaply, potentially increasing the supply of certain products in the domestic market.
- **Potential for Job Displacement:** If domestic industries cannot compete with cheaper imports, some firms may reduce production or shut down, leading to job losses in those sectors.

---

### 3. **Impact on Labor Demand**

#### 3.1. **Increase in Labor Demand**
- **Expansion of Firms:** Firms that benefit from increased exports may expand their operations, requiring more workers.
- **Investment in Skills:** To remain competitive, firms may invest in training and upskilling their workforce, leading to higher demand for skilled labor.

#### 3.2. **Potential for Structural Unemployment**
- **Sectoral Shifts:** As some industries decline due to increased foreign competition, workers may need to retrain or seek jobs in new sectors.
- **Adjustment Period:** There may be a temporary rise in unemployment as workers transition between sectors.

---

### 4. **Effect on Wages**

#### 4.1. **Potential for Wage Growth**
- **Labor Shortages:** If export-oriented sectors expand rapidly, there may be labor shortages, allowing firms to offer higher wages.
- **Productivity Gains:** Increased trade can lead to higher productivity, which may translate into higher wages over time.

#### 4.2. **Potential for Wage Stagnation or Decline**
- **Competition:** If domestic industries face increased competition from imports, firms may not be able to raise wages.
- **Labor Market Flexibility:** A more open labor market may lead to wage flexibility, potentially resulting in lower wages if there is an oversupply of labor.

---

### 5. **Overall Impact on the Domestic Labor Market**

- **Net Positive Effect:** Overall, SAFTA is likely to have a net positive effect on the domestic labor market by increasing demand for labor, potentially raising wages, and encouraging skill development.
- **Need for Government Intervention:** However, the government may need to implement policies to help workers transition between sectors and mitigate any negative impacts, such as retraining programs or unemployment support.

---

### 6. **Conclusion**

In summary, the Singapore-Australia Free Trade Agreement (SAFTA) is expected to positively affect the domestic labor market in Singapore by increasing export demand, potentially raising wages, and encouraging skill development. However, it may also lead to some short-term challenges, such as structural unemployment, which require appropriate government intervention to manage.

---

**References:**
- Singapore-Australia Free Trade Agreement (SAFTA) official website
- Textbook: “Principles of Macroeconomics” by N. Gregory Mankiw
- Economic reports from the Ministry of Trade and Industry (MTI), Singapore",9,10,8,9.05,False,N/A,"The answer is generally clear and accessible, using straightforward language and breaking down complex concepts into logical steps. It starts with an introduction, then explains how SAFTA affects exports, imports, labor demand, wages, and concludes with an overall assessment. Concepts like 'market access', 'AD', 'structural unemployment', and 'retraining' are explained in simple terms or linked to familiar economic ideas. The structure is logical, moving from introduction to specific impacts and ending with a conclusion. However, there are a few minor areas where the explanation could be even clearer or more concise, such as the brief mention of 'AD' and the lack of explicit examples for some points.","Consider adding a brief definition of 'AD' (Aggregate Demand) for students who may not be familiar with the term. Also, providing a concrete example (e.g., a specific Singaporean export sector benefiting from SAFTA) could help illustrate the points more vividly. Overall, the answer is very understandable and would be helpful for most students.","The student’s answer demonstrates a clear understanding of the economic logic behind trade agreements and their impact on labor markets. The causal chains are complete: SAFTA reduces barriers → increased exports/import competition → changes in labor demand and wages. The student correctly identifies both positive (export sector expansion, wage growth) and negative (structural unemployment, sectoral shifts) effects, and acknowledges the need for government intervention. The answer is theoretically sound, uses appropriate economic concepts (AD, labor demand, structural unemployment), and shows depth by considering both sides of the argument. The conclusion is nuanced and does not simply restate the Ground Truth verbatim. The answer does not contain any factual errors or misconceptions within the H2 Economics syllabus. The student’s analysis is well-structured and logically consistent.",The answer is excellent and fully meets the Ground Truth’s requirements. No improvements are necessary. The student’s ability to analyze both sides of the argument and apply economic theory is commendable.,"The answer demonstrates a clear understanding of how trade agreements like SAFTA affect labor markets, using relevant economic concepts such as increased exports, import competitiveness, labor demand, and structural unemployment. It also includes a balanced evaluation by considering both positive and negative effects, as well as short-term and long-term impacts. The answer is well-structured and uses specific examples to illustrate the concepts, making it highly relevant to Singapore. However, there is a lack of explicit mention of Singapore's unique economic context, such as its small size, open economy, or reliance on exports. The answer could be further improved by incorporating more Singapore-specific examples or references.","To further enhance the Singapore relevance, consider explicitly mentioning Singapore's small size, open economy, or reliance on exports when discussing the impact of trade agreements on the labor market. You could also provide more specific examples of how SAFTA has affected Singapore's labor market, such as changes in the demand for skilled labor or the impact on specific industries."
