user_input,retrieved_contexts,response,reference,context_precision,context_recall
Why is the MAS's exchange rate policy more effective than interest rate policy for Singapore?,"['domestic markets like Singapore, where volume of trade is close to 4 times \nof the country’s GDP,  Singapore’s Monetary Authority of Singapore (MAS)  \nchooses exchange rate-centred monetary policy instead. \n \nInterest Rate Centred Monetary Policy \nInterest rate can be known as the price of money. From lenders’ \nperspective, it represents their cost of borrowing. From savers’ perspective,', 'a. Why Singapore’s Central Bank Monetary Authority of Singapore (MAS) \nchooses to use a monetary policy centred on exchange rate,  \nb. How we manage this exchange rate in different economic situations \nand  \nc. The impact of the exchange rate on our macroeconomic objectives.  \n \n2.3.1 Why the choice of exchange rate as the monetary policy tool  in \nSingapore', ""©ACJC Econs Dept/2024/Macroeconomic Policies Part 1: Demand Side Policies           26 \nMAS implements this managed float exchange rate regime by targeting the \nSingapore dollar's nominal effective exchange rate (NEER) within an \nundisclosed policy band. \n \n \n \n \nReferring to the graphic above, MAS can adjust the following few \ncomponents to influence our Singapore’s exchange rate:"", '©ACJC Econs Dept/2024/Macroeconomic Policies Part 1: Demand Side Policies           25 \nOn the other hand, i f MAS  lowers interest rates to stimulate domestic \ndemand, the lower interest rates will lead to hot money outflows as foreign \nand domestic investors enjoy higher returns from financial institutions  in \nother countries. Money supply in Singapore will decrease, exerting upward', 'to\n \nkeep\n \nimported\n \ninflation\n \nat\n \nbay.\n \nSingapore’s\n \nexchange\n \nrate\n \npolicy\n \nwould\n \npartially\n \noffset\n \nthe\n \npositive\n \neffects\n \non\n \nSingapore’s\n \nexport\n \nprice\n \ncompetitiveness\n \nas\n \nprices\n \nof\n \nSingapore’s\n \nexports\n \nin\n \nterms\n \nof\n \nforeign\n \ncurrencies\n \nwould\n \nbe\n \nhigher\n \nwith\n \nstronger\n \nSGD.\n \nTherefore,\n \nSingapore\n \nshould\n \nalso\n \nimplement\n \npolicies\n \nto']","Certainly! Here is a comprehensive, well-structured answer to your question:

---

### a. Why Singapore’s Central Bank (MAS) Chooses Exchange Rate-Centred Monetary Policy

Singapore’s Monetary Authority of Singapore (MAS) opts for an exchange rate-centred monetary policy due to several structural and economic factors:

#### 1. **Open Economy and Trade-Dependent Growth**
- Singapore’s domestic markets are highly open, with trade volumes close to 4 times the country’s GDP. This means the country is heavily reliant on exports and imports.
- Exchange rate policy directly affects the competitiveness of Singapore’s exports and the cost of imports, which are crucial for economic growth.

#### 2. **Limited Domestic Market Size**
- With a small domestic market, Singapore cannot rely solely on internal demand to drive economic activity.
- Exchange rate policy allows MAS to influence aggregate demand by making exports cheaper or imports more expensive, thus managing the overall economic cycle.

#### 3. **Stability of Imported Inflation**
- Singapore does not produce its own raw materials or energy, so it is vulnerable to imported inflation.
- By targeting the exchange rate, MAS can help keep imported inflation in check, stabilizing domestic prices.

#### 4. **International Integration**
- Singapore is deeply integrated into global supply chains and financial markets.
- An exchange rate-centred policy helps maintain confidence in the Singapore dollar and attract foreign investment.

---

### b. How MAS Manages the Exchange Rate in Different Economic Situations

MAS manages the Singapore dollar’s nominal effective exchange rate (NEER) within an undisclosed policy band using several tools:

#### 1. **Foreign Exchange Interventions**
- **Buying/Selling SGD:** When the SGD is too weak (overvalued), MAS buys SGD to strengthen it; when it is too strong (undervalued), MAS sells SGD to weaken it.
- **Sterilized Interventions:** MAS can offset the money supply effects of these interventions to avoid inflationary or deflationary pressures.

#### 2. **Adjusting Interest Rates**
- **Interest Rate Policy:** MAS can raise or lower interest rates to influence capital flows and, consequently, the exchange rate.
    - **Raising rates:** Attracts foreign capital, strengthening the SGD.
    - **Lowering rates:** Encourages capital outflows, weakening the SGD.

#### 3. **Other Tools**
- **Capital Controls:** MAS may impose restrictions on capital flows to prevent excessive volatility.
- **Forward Guidance:** MAS can communicate its future policy intentions to influence market expectations.

---

### c. Impact of the Exchange Rate on Macroeconomic Objectives

#### 1. **Export Competitiveness**
- **Stronger SGD:** Makes Singapore’s exports more expensive in foreign currency terms, potentially reducing export volumes.
- **Weaker SGD:** Makes exports cheaper, boosting export demand but increasing the cost of imports.

#### 2. **Imported Inflation**
- **Stronger SGD:** Reduces the cost of imported goods, helping to control inflation.
- **Weaker SGD:** Increases the cost of imports, potentially leading to higher inflation.

#### 3. **Economic Growth**
- **Exchange Rate Policy:** By managing the exchange rate, MAS can balance the trade-off between export competitiveness and imported inflation, supporting sustainable economic growth.

#### 4. **Financial Stability**
- **Exchange Rate Policy:** A stable exchange rate regime helps maintain confidence in the Singapore dollar and attracts foreign investment.

---

### Conclusion

MAS’s exchange rate policy is more effective than interest rate policy for Singapore due to the country’s open economy, trade dependence, limited domestic market size, and vulnerability to imported inflation. By targeting the exchange rate, MAS can directly influence export competitiveness and imported inflation, while also maintaining financial stability and confidence in the Singapore dollar. This approach allows MAS to better manage Singapore’s macroeconomic objectives in a globalized and trade-dependent economy.

---

**If you need further elaboration or examples, feel free to ask!**","As a small and open economy, Singapore is a price-taker with a high dependence on imports and exports. Interest rate policy is ineffective due to perfect capital mobility (interest rate parity), while the exchange rate directly manages imported inflation and export competitiveness.",0.99999999995,0.0
"Explain how the ""Productivity Solutions Grant (PSG)"" acts as a supply-side policy in Singapore.","['research with the objective of developing new products and/or \nmethods of production.  \n• Example 2 : Productivity Solution Grant (PSG) provides up to 50% \nfunding for Small-Medium Enterprises (SMEs) to procure equipment \nor digitalisation efforts (e.g. building websites) that allows the firm \nto increase its productivity. \n• Example 3 : incentivising Multinational Corporations (MNCs) (e.g.', 'assistance\n \nschemes\n \nsuch\n \nas\n \nProductivity\n \nSolutions\n \nGrant\n \nand\n \nEnterprise\n \nDevelopment\n \nGrant\n \nto\n \nhelp\n \nSmall\n \nand\n \nMedium-Sized\n \nEnterprises\n \n(SMEs)\n \nin\n \nSingapore\n \nto\n \ndevelop\n \ntheir\n \ncapability\n \nor\n \nventure\n \ninto\n \noverseas\n \nmarkets.\n \nStrategic\n \nindustries\n \ntend\n \nto\n \nreceive\n \ngovernment\n \nsupport,\n \nwhich\n \nshould\n \nbe\n \nbrought\n \nin\n \nto', 'production and increases \nprofits \n\uf0a7 A favourable social, \npolitical and economic \nclimate gives \nentrepreneurs who are risk \ntakers more confidence in \nthe economy to establish \nnew firms and invest in \nnew capital \nInfocomm Technology, Media, Physical \nSciences and Engineering in Singapore \n \n\uf0a7 Provides government facilities which \noffer business advice and assistance to', 'taking the recent increases in the Goods and Services Tax (GST) from 3% to 5% and then to 7% in their \nstride. In return, the PAP gives handouts to lower income families, continually upgrades infrastructure, and \nsubsidises skills upgrading courses, ensuring that citizens in Singapore have a decent standard of living.', '• Cuts down on tax avoidance and evasion. \n• Does not dilute the incentive to work. \n• More stable source of revenue as it is less affected by trade cycles and the ageing \npopulation. \n \nMore specific reasons for the use of GST in Singapore \n \n• To keep corporate tax rate at an internationally competitive level.']","**Answer:**

---

### 1. Introduction

The Productivity Solutions Grant (PSG) is a government assistance scheme in Singapore that provides up to 50% funding to Small-Medium Enterprises (SMEs) for the procurement of equipment or digitalisation efforts. These initiatives are designed to increase the productivity of firms.

---

### 2. Definition of Supply-Side Policy

A **supply-side policy** is a government intervention aimed at increasing the productive capacity of an economy. Such policies seek to improve the efficiency of production, lower costs, and enhance the overall competitiveness of firms.

---

### 3. PSG as a Supply-Side Policy

#### a. **Improving Productivity**

- **Digitalisation and Equipment:** PSG funds the adoption of new technology and equipment, enabling firms to automate processes, reduce errors, and increase output.
- **Efficiency Gains:** By modernising operations, firms can produce more goods and services with the same or fewer inputs, thereby increasing productivity.

#### b. **Enhancing Competitiveness**

- **Cost Reduction:** Upgrading to more efficient equipment and digital tools often reduces operational costs, allowing firms to lower prices or increase profit margins.
- **Quality Improvement:** New technology can lead to higher quality products, which can help firms gain a competitive edge in both domestic and international markets.

#### c. **Supporting Innovation**

- **Research and Development:** PSG encourages firms to invest in research and development (R&D), which is crucial for innovation and long-term competitiveness.
- **Adoption of New Methods:** By funding digitalisation, PSG helps firms to adopt new methods of production, fostering a culture of innovation.

#### d. **Encouraging Entrepreneurship and SME Growth**

- **Capacity Building:** PSG supports SMEs in building their capabilities, making them more resilient and capable of competing with larger firms.
- **Venturing Overseas:** Assistance schemes like PSG also help SMEs to expand into overseas markets, increasing their productive capacity and contributing to national economic growth.

---

### 4. Economic Impact

- **Increased Output:** Higher productivity leads to greater output, contributing to economic growth.
- **Job Creation:** As firms become more productive, they may expand operations, leading to job creation.
- **Attracting Investment:** Improved productivity and competitiveness can attract more foreign direct investment (FDI) into Singapore.

---

### 5. Conclusion

The PSG acts as a supply-side policy in Singapore by enhancing the productive capacity of SMEs through the adoption of new technology and digitalisation. This not only increases efficiency and competitiveness but also supports innovation and entrepreneurship, ultimately contributing to economic growth and development.","The PSG reduces the marginal cost of technology adoption for firms, shifting the Long-Run Aggregate Supply (LRAS) curve to the right by increasing capital productivity and potential output (Yf).",0.0,0.0
Discuss the impact of a global recession on Singapore’s Balance of Payments (BOP).,"['revenue and hence, AD . Hence, exchange policies are not likely to be very effective during a \nglobal recession.  \nAt the same time, Singapore has strong fiscal reserve due to years of budget surpluses. This \nallows the government significant funds, allowing the government to increase G substantially. \nSince this is independent of market sentiment and trading partner’s spending, it is also more', 'b) Outlook of the global economy \n \nDuring a global recessions, other countries are concurrently facing recession \nor slow economic growth. This means that even if Singapore’s exports are \ncheaper in foreign currencies, foreign households may not be willing and \nable to consume the exports, gi ven their falling incomes and higher desire', 'global demand for goods and services , including resources,  tends to be \nweak during global recession or slowdown, and this would likely depress \nglobal prices, hence dampening the effect of imported inflation. Hence, \nSingapore allowed the exchange rate to weaken during global recessions \nsuch as 2009 and 2020. \n \nb) Outlook of the global economy', 'factors is highly dependent on the strength of global economic growth which then determines \nthe strength of Singapore’s external demand. This is especially so since Singapore produces \nhigh value-added goods and services with YED value > 0 so during recessions, the demand \nfor Singapore’s exports will inevitably fall regardless of  improvements to export', 'in demand for Singapore’s exports. The more income elastic the demand for exports  is, the \ngreater will be the rise in Singapore’s exports and export earnings. \nAssuming balance of trade is in equilibrium initially, a rise in export earnings will bring about \na balance of trade surplus.  \nAdditionally, a falling domestic national income may lead to lower demand for imports which']","**Impact of a Global Recession on Singapore’s Balance of Payments (BOP)**

---

### 1. **Introduction**

Singapore’s Balance of Payments (BOP) is closely tied to global economic conditions due to its export-oriented economy and limited domestic production. During a global recession, the ripple effects on Singapore’s BOP can be significant, impacting both its current account and overall economic stability.

---

### 2. **Current Account Impact**

#### **a) Decline in Exports**

- **Export Demand:** A global recession leads to reduced incomes and lower consumer spending worldwide. This results in decreased demand for Singapore’s exports, especially given the high value-added nature of its goods and services (YED > 0).
- **Income Elasticity:** The extent of export decline depends on the income elasticity of demand for Singapore’s exports. If demand is highly income elastic, the fall in exports will be more pronounced.

#### **b) Fall in Export Earnings**

- **Export Earnings:** As exports fall, Singapore’s export earnings will also decrease, leading to a deterioration in the current account surplus (if it existed) or a larger deficit.

#### **c) Effect on Balance of Trade**

- **Balance of Trade:** Assuming the balance of trade was initially in equilibrium, the drop in export earnings will likely result in a trade deficit, as imports may not decline as rapidly as exports.

#### **d) Imports**

- **Import Demand:** A fall in domestic national income will reduce demand for imports, which could help partially offset the negative impact on the current account. However, this effect is often muted during global recessions due to the strong link between exports and imports in Singapore’s economy.

---

### 3. **Capital and Financial Account Impact**

#### **a) Capital Outflows**

- **Investor Sentiment:** During a global recession, investor confidence may fall, leading to capital outflows from Singapore as investors seek safer assets abroad.
- **Currency Depreciation:** The Singapore dollar may depreciate against other currencies, making Singaporean assets cheaper and potentially attracting some inflows, but the overall effect is often negative due to global risk aversion.

#### **b) Government Fiscal Policy**

- **Fiscal Reserve:** Singapore’s strong fiscal reserves allow the government to increase government spending (G), which can help stabilize domestic demand and support the economy. However, this does not directly impact the BOP unless financed by external borrowing.

---

### 4. **Overall BOP Impact**

- **Current Account:** The primary impact on the BOP during a global recession is a deterioration in the current account, mainly due to falling exports and a possible widening trade deficit.
- **Capital Account:** The capital account may also experience outflows as investors move funds abroad in search of safety.
- **Net Effect:** The combined effect is likely to be a widening of the overall BOP deficit, reducing Singapore’s foreign exchange reserves and potentially affecting its ability to service external debt.

---

### 5. **Exchange Rate Policy**

- **Weakening Exchange Rate:** Singapore often allows its exchange rate to weaken during global recessions. This makes Singaporean exports cheaper, potentially boosting export demand. However, the effectiveness of this policy is limited during a global recession, as demand from trading partners is constrained by their own economic downturns.

---

### 6. **Conclusion**

In summary, a global recession has a significant negative impact on Singapore’s Balance of Payments, primarily through a decline in exports and a deterioration in the current account. While Singapore’s strong fiscal reserves and flexible exchange rate policy can help mitigate some of these effects, the overall impact is likely to be a widening BOP deficit during such periods.

---

**References:**
- Provided context and textbook material on Singapore’s BOP and global recessions.","A global recession reduces foreign income, leading to a fall in demand for Singapore's exports (X). This worsens the Current Account. However, if investors seek ""safe havens,"" the Capital and Financial Account might see inflows, partially offsetting the BOP deficit.",0.5833333333041666,0.5
Why does the Singapore government provide subsidies for the COVID-19 vaccine?,"['The government could also fully subsidise  goods with positive externalit ies. \nExamples include the COVID -19 vaccination programme and the National \nChildhood Immunisation Schedule (NCIS) where all recommended vaccinations \nare fully subsidised by the Singapore government . In th ese cases when \ngoods/services are provided freely, the price would be zero (P = 0).', 'large divergence between MSB and MPB) , the government may choose \nto subsidise it fully. In other words, the good will be provided for free \nto consumers. For example, COVID -19 vaccinations or primary school \neducation in Singapore. \n \nFigure 8a: Full subsidies to correct positive externalities \n \n\uf0b7 A full subsidy lowers the MPC until the new market equilibrium has', 'that the Singaporean people have started to understand the intricacies of policymaking, thus \nrealising that the government simply does not have the capacity to provide excessive aid to \npeople or to solve problems with a simple solution. Most recognise the issues surrounding \ndealing with the COVID -19 pandemic, especially regarding vaccine deployment, and thus do', 'the Singapore government has chosen to provide a more targeted subsidy \nS \n1 \n= MPC \nD \n1 \n= MPB \nQ \n1 \nQ \n2 \n \n D2 \n= MSB = MPB + MEB  \n \nS2 \n= MPC (with production subsidy) \n- \nH \nG \nF \nP2 \nP1 \nP3 \nCosts/Benefit\ns \nQuantity of healthcare services 0 \nFigure 24: \nExternal benefits \nand use of \nsubsidies \n@dream', '• Since 8 December 2021, all COVID -19 patients in Singapore who are unvaccinated by choice \nrather than due to legitimate reasons such as an underlying medical condition, have had to pay \ntheir own COVID-19 treatment. Critique this policy, taking into consideration Yong’s arguments \nagainst contrasting treatment of vaccine refusers and other COVID patients.']","**Why Does the Singapore Government Provide Subsidies for the COVID-19 Vaccine?**

---

### Introduction

The Singapore government has fully subsidised the COVID-19 vaccination programme, providing the vaccine at no cost to citizens. This policy is rooted in the economic principle of addressing **positive externalities**—benefits that accrue to third parties as a result of a consumption or production decision. This answer will explain the rationale behind such subsidies, using relevant economic concepts and referencing the provided context.

---

### 1. Positive Externalities and Market Failure

**Positive externalities** occur when the **Marginal Social Benefit (MSB)**—the total benefit to society—exceeds the **Marginal Private Benefit (MPB)**—the benefit to the individual consumer. In the case of vaccines, when one person is vaccinated, they not only protect themselves but also reduce the risk of transmission to others, thereby benefiting the broader community.

- **MSB = MPB + MEB**  
  Where MEB = Marginal External Benefit (the benefit to others from one person’s vaccination).

Because individuals do not fully internalise these external benefits, they tend to under-consume vaccines in the absence of government intervention. This leads to a **market failure**, as the equilibrium quantity of vaccinations is less than the socially optimal quantity.

---

### 2. Role of Government Subsidies

To correct this market failure, the government can **subsidise** the vaccine. A subsidy is a payment made by the government to lower the cost to consumers, thereby increasing demand for the good.

- **Full Subsidy:**  
  The government covers the entire cost, so the price to consumers (P) becomes zero. This shifts the demand curve to the right, increasing the quantity of vaccines administered until MSB equals MPC (Marginal Cost of Production).

- **Effect on Market Equilibrium:**  
  - The subsidy lowers the Marginal Private Cost (MPC) for consumers.
  - The new equilibrium occurs where the **MSB curve** intersects the **MPC curve**.
  - This results in a higher quantity of vaccinations (Q2) compared to the free-market quantity (Q1), moving the outcome closer to the socially optimal level.

---

### 3. Rationale for Full Subsidy in Singapore

Singapore’s decision to fully subsidise the COVID-19 vaccine is based on the following considerations:

- **High Marginal External Benefit:**  
  Vaccination provides substantial external benefits, as it reduces the spread of the virus and protects vulnerable populations (e.g., the elderly, immunocompromised).

- **Public Health Priority:**  
  The government views widespread vaccination as crucial for public health and national security, especially during a pandemic.

- **Equity and Access:**  
  Full subsidisation ensures that all citizens, regardless of income, have access to the vaccine, promoting equity and reducing health disparities.

- **Preventing Market Failure:**  
  Without government intervention, the under-consumption of vaccines would lead to a suboptimal outcome for society as a whole.

---

### 4. Critique: Yong’s Arguments Against Differing Treatment of Vaccine Refusers

Yong (2021) argues that the policy of charging unvaccinated patients for COVID-19 treatment creates a **moral hazard** and undermines the effectiveness of the subsidy:

- **Moral Hazard:**  
  By making unvaccinated individuals pay for treatment, there is an incentive for people to refuse vaccination to avoid costs. This can lead to a lower overall vaccination rate, defeating the purpose of the subsidy.

- **Inequity:**  
  Charging unvaccinated patients shifts the burden of pandemic costs onto those who choose not to vaccinate, which may be seen as unfair.

- **Reduced Social Benefit:**  
  If fewer people are vaccinated, the external benefits to society are diminished, potentially leading to higher overall costs and a greater risk of outbreaks.

---

### Conclusion

The Singapore government provides subsidies for the COVID-19 vaccine to correct the market failure caused by positive externalities. By fully subsidising the vaccine, the government increases the quantity of vaccinations administered, moving the outcome closer to the socially optimal level. However, policies that penalise vaccine refusers can create unintended consequences, such as moral hazard and reduced social benefit, as highlighted by Yong’s critique. Therefore, the subsidy approach is more aligned with achieving both public health goals and equity in access to vaccines.","Vaccination is a merit good with positive externalities in consumption (herd immunity). In a free market, individuals ignore external benefits, leading to under-consumption and deadweight loss. Subsidies shift MPB towards MSB to reach the social optimum (Qs).",0.499999999975,0.3333333333333333
"How does a high ""Marginal Propensity to Save (MPS)"" in Singapore affect the multiplier size?","[""multiplier effect. \nSingapore’s multiplier is relatively small. This is because Singapore has a very open economy, \nwhich means that the marginal propensity to import (MPM) is likely to be very high.  Also, \nSingapore has a high savings rate due to compulsory savings scheme such as the CPF; hence \nthe marginal propensity to save (MPS) is likely to be high.   \nk = '\u0b52ଢ଼\n'\u0b45ୈ\n  = ଵ\n\u0b51\u0b54\u0b5b or ଵ\nଵି\u0b51\u0b54େ"", '• Small multiplier size  \nSingapore has relatively high withdrawal propensity, as seen by the relatively high MPS (due \nto CPF savings) and high MPM (import-reliant due to lack of natural resources). This means that \nwith every additional income earned, a large proportion of it leaks out of the economy  as', 'Against the backdrop of such a prudent fiscal policy, Singapore was able to enjoy \nconsistent budget surpluses over the years, which contributed to a high savings rate that \nallows it to achieve one of the highest investment rates in the world without having to incur \nforeign debt. High domestic savings have further, in turn, provided Singapore a high level', 'avoided. An increase in direct income tax will lead to a reduction in consumers’ \ndisposable income. The fall in disposable income will lead to a fall in purchasing \npower. Consumers are now less able to purchase goods and services at every \nsingle price. This will lead to a decrease in the demand for norm goods \n \nIn Budget 2022, Singapore’s government increased the income tax for higher -', 'consumers to cushion the impact of the rise in cost of living in Singapore.  Every \nSingaporean household will receive a total of $ 500 worth of vouchers which they \ncan spend at participating merchant and hawkers as well as supermarkets. With a \nrise in their disposable income, the demand for various goods and services such']","### How Does a High Marginal Propensity to Save (MPS) in Singapore Affect the Multiplier Size?

#### Introduction

The **multiplier effect** in economics refers to the phenomenon where an initial change in spending leads to a larger overall change in national income. The size of the multiplier depends on the **marginal propensity to save (MPS)** and the **marginal propensity to import (MPM)**. This essay will explain how a high MPS in Singapore affects the multiplier size, using relevant economic theory and context.

---

#### The Multiplier Formula

The multiplier (k) is calculated as:

\[
k = \frac{1}{MPS + MPM}
\]

or equivalently,

\[
k = \frac{1}{1 - MPC}
\]

where MPC is the **marginal propensity to consume** (1 - MPS).

---

#### The Role of MPS in the Multiplier

- **MPS** is the proportion of additional income that households save rather than spend.
- A **higher MPS** means that for every dollar of additional income, a larger portion is saved and not spent domestically.
- This reduces the amount of income that is recycled back into the economy through consumption, thereby **lowering the multiplier effect**.

---

#### Singapore’s Context

Singapore has a **high MPS** due to its compulsory savings scheme, such as the Central Provident Fund (CPF). This encourages households to save a significant portion of their income, rather than spend it immediately.

- **High MPS → Less consumption → Less income recycled → Smaller multiplier.**
- As a result, Singapore’s multiplier is relatively small compared to countries with lower MPS.

---

#### Impact of High MPS on Economic Policy

- **Fiscal Policy:** When the government increases spending or reduces taxes, the impact on national income is muted because a large portion of the additional income is saved rather than spent.
- **Budget Surpluses:** Singapore’s high MPS and savings rate have enabled consistent budget surpluses, as less income is spent domestically and more is saved for future investment.
- **Investment:** High domestic savings allow Singapore to finance investment internally, reducing reliance on foreign debt.

---

#### Conclusion

In summary, a **high MPS** in Singapore reduces the multiplier size because a larger proportion of additional income is saved rather than spent. This means that fiscal policy changes have a smaller impact on national income, but it also contributes to high savings rates and investment levels, which are key features of Singapore’s economic policy and success.

---

#### Limitations

This analysis is based on the given context and does not consider other factors such as changes in government expenditure, investment, or net exports, which can also affect the multiplier effect.","Singapore has a high MPS due to compulsory CPF savings. According to the formula k = 1/(MPS+MPT+MPM), a high MPS increases the denominator, resulting in a small multiplier effect (k), meaning fiscal stimulus has a limited impact on National Income.",0.99999999995,0.5
Is the demand for Singapore's electronics exports likely to be price elastic or inelastic?,"['high\n \nprecision,\n \nand\n \nstringent\n \nquality\n \ncontrol,\n \nmaking\n \nits\n \nproducts\n \nglobally\n \nsought-after.\n \nTherefore,\n \nother\n \ncountries\n \nhave\n \na\n \nhigh\n \npreference\n \nfor\n \nSingapore’s\n \ntechnology\n \nand\n \nhence\n \nthere\n \nis\n \nhigh\n \ndemand\n \nfor\n \nSingapore’s\n \nelectronic\n \nproducts.\n \nHence,\n \na\n \nlarge\n \nproportion\n \nof\n \nSingapore’s\n \nexports\n \nconsists\n \nof\n \nelectronics.', 'foreign currency) will appear more expensive to foreigners, \nresulting in lower demand for goods produced in Singapore \n(exports). \no Locals may also shy away from locally -produced goods and turn \nto imports as a substitute . These changes will lead to a fall in \ndemand for locally -produced goods (goods produced by \nSingapore).', ""To  evaluate,  due  to  Singapore's  small  size,  it  generally  cannot  produce  at  a  large  enough  scale  to  \nenjoy\n \nsignificant\n \neconomies\n \nof\n \nscale.\n \nAs\n \nsuch,\n \nit\n \ntends\n \nto\n \nproduce\n \nat\n \na\n \nhigher\n \naverage\n \ncost\n \nof\n \nproduction,\n \nwhich\n \nis\n \npassed\n \non\n \nto\n \nconsumers\n \nin\n \nterms\n \nof\n \nhigher\n \nprices.\n \nHence,\n \nSingapore’s\n \nexports\n \ntend\n \nto\n \nnot\n \nbe"", 'foreign country’s products in terms of Singapore dollar appear \nlower to us.  \no This encourages us to buy more imports from foreign countries, \nwhich is expressed by an increase in demand for imports from \nforeign countries. \no At the same time , foreigners will find it more expensive to \npurchase the Singapore dollar.  \no Thus, the price of goods produced in Singapore (in terms of', 'products being more expensive in terms of the domestic currency. When this happens, the cost \nof production of final goods and services will increase, and the SRAS will decrease. As such, the \ngeneral price level is likely to increase, creating cost-push inflation.  \nSingapore’s small size and the lack of natural resources ha ve resulted in Singapore being']","**Answer:**

**Introduction**

The demand for Singapore’s electronics exports is likely to be **price inelastic**. This conclusion is based on several economic factors, including the characteristics of Singapore’s electronics industry, the nature of its exports, and the global demand for its products.

---

**1. High Quality and Global Preference**

Singapore’s electronics are known for their **high precision** and **stringent quality control**, making them **globally sought-after**. As a result, other countries have a **high preference** for Singapore’s technology. This means that consumers and businesses abroad are willing to pay a premium for Singapore’s electronics, as they perceive them to be superior in quality and reliability.

---

**2. Limited Substitutes**

The global electronics market has limited substitutes for Singapore’s high-quality products. While there are many electronics manufacturers worldwide, few can match Singapore’s reputation for excellence. This lack of close substitutes means that even if prices rise, buyers are unlikely to switch to alternative products, keeping demand relatively stable.

---

**3. Income Elasticity and Necessity**

Electronics are often considered **income elastic** goods, as demand increases with income. However, in the case of Singapore’s exports, many buyers (such as businesses and governments) view electronics as **necessities** for technological advancement and productivity. This makes the demand less sensitive to price changes.

---

**4. Export Market Characteristics**

Singapore’s electronics are a **large proportion of its exports**, and the global demand for these products is **high**. The export market is often less price-sensitive than the domestic market, as buyers are focused on quality, reliability, and innovation rather than price alone.

---

**5. Impact of Currency Fluctuations**

As noted in the context, when the Singapore dollar appreciates, Singapore’s exports become more expensive to foreigners, leading to lower demand. Conversely, when the dollar depreciates, exports become cheaper and demand increases. However, the overall effect is typically limited due to the inelastic nature of demand for these high-quality products.

---

**6. Small Economy and Limited Scale**

Singapore’s small size means it cannot produce at a large enough scale to enjoy significant **economies of scale**. This results in higher average costs of production, which are passed on to consumers in the form of higher prices. However, this does not necessarily make demand more elastic, as the premium price is justified by the perceived quality and reliability of the products.

---

**Conclusion**

In summary, the demand for Singapore’s electronics exports is likely to be **price inelastic** due to the global preference for Singapore’s high-quality products, the limited availability of substitutes, and the necessity of electronics for many buyers. As a result, changes in price have a relatively small impact on the quantity demanded, making demand for Singapore’s electronics exports inelastic.","Highly price elastic (PED > 1) due to the availability of many international substitutes (e.g., from Taiwan or Korea). Thus, a slight increase in the exchange rate can lead to a more than proportionate fall in quantity demanded, worsening export revenue. However, Singaporean electronics are often price inelastic because they occupy high-tech, specialized niches with few direct substitutes, making global buyers less sensitive to price changes. Furthermore, as an export-oriented economy focused on high-value manufacturing, Singapore’s reputation for precision and reliability creates a ""brand"" loyalty that outweighs minor price fluctuations.",0.3333333333,0.0
"Explain the ""Crowding Out Effect"" in the context of Singapore’s fiscal policy.","['government debt. Large national debt will also have other negative \nimplications such as increasing the debt payment for future \ngenerations.  \n• Since Singapore has accumulated past reserves, this may be less of a \nconcern. However, the government is only able to accumulate \nreserves due to prudent use of its budget. \n \nb) Crowding-out effect', 'government expenditure, and the Singapore government does not have any external debt. This \npractice of fiscal discipline ensures that government funds can b e put into good use for \nSingapore’s development in all sectors.', '©ACJC Econs Dept/2024/Macroeconomic Policies Part 1: Demand Side Policies           12 \nGood to know: Implications of government deficit and debt. \n \n• Budget deficits can be financed through past accumulated fiscal \nreserves or through borrowing. One advantage that Singapore has is \nprudent spending  by the government which has allow ed it to', ""world-class economic infrastructure and services. This is evidenced by the fact that \ndevelopment expenditure accounted for around one-third of government expenditure on \naverage over the last three decades. \nSingapore's tax policies, although providing the main source of funding for the government, \nseek to enhance its economic competitiveness and attract foreign investments to \nSingapore."", 'there\n \nwould\n \nbe\n \na\n \nsurplus\n \nof\n \nmoney\n \nin\n \nthe\n \neconomy,\n \nresulting\n \nin\n \na\n \ndownward\n \npressure\n \non\n \ninterest\n \nrates\n \nuntil\n \ninterest\n \nrates\n \nin\n \nSingapore\n \nequalise\n \nwith\n \nworld\n \ninterest\n \nrates.\n \nTherefore,\n \nany\n \nattempt\n \nby\n \nSingapore\n \nto\n \nindependently\n \nincrease\n \nthe\n \ninterest\n \nrates\n \nwould\n \nbe\n \nfutile\n \nas\n \nthe\n \ninterest\n \nrates\n \nwould\n \nfall']","Certainly! Here is a comprehensive, well-structured answer to the student’s question:

---

## Crowding Out Effect in the Context of Singapore’s Fiscal Policy

### 1. Introduction to the Crowding Out Effect

The **crowding out effect** refers to the phenomenon where increased government spending leads to a reduction in private sector investment, typically because government borrowing competes with private sector borrowing for available funds in the financial markets. This can result in higher interest rates, making it more expensive for businesses to borrow and invest.

---

### 2. Mechanism of the Crowding Out Effect

- **Government Borrowing:** When the government runs a deficit, it needs to borrow funds, often by issuing government bonds.
- **Competition for Funds:** This borrowing increases the demand for loanable funds in the economy.
- **Rising Interest Rates:** The increased demand can push up interest rates.
- **Impact on Private Investment:** Higher interest rates make borrowing more expensive for private firms, potentially reducing their investment.

---

### 3. Singapore’s Fiscal Policy and the Crowding Out Effect

#### a) Singapore’s Fiscal Discipline

- **No External Debt:** Singapore does not have any external debt, which reduces the need for government borrowing.
- **Prudent Spending:** The government has maintained fiscal discipline, accumulating past fiscal reserves rather than relying on borrowing.
- **Development Expenditure:** Around one-third of government expenditure is allocated to development, but this is managed carefully to avoid excessive deficits.

#### b) Limited Crowding Out in Singapore

- **Low Government Borrowing:** With minimal need to borrow, there is little competition for funds in the financial market.
- **Interest Rate Stability:** Singapore’s interest rates are largely determined by global market conditions, not by government borrowing.
- **Downward Pressure on Interest Rates:** Any government spending does not significantly increase the demand for loanable funds, so interest rates are unlikely to rise.
- **Attractiveness to Investment:** Singapore’s tax policies and economic infrastructure continue to attract foreign investment, which helps offset any potential negative effects of government spending.

---

### 4. Implications for Singapore

- **Sustained Economic Growth:** By avoiding the crowding out effect, Singapore can maintain low interest rates, which supports private sector investment and economic growth.
- **Competitiveness:** The government’s focus on development expenditure and fiscal prudence helps maintain Singapore’s competitiveness and attractiveness to foreign investors.
- **Fiscal Reserves:** Accumulated reserves provide a buffer, reducing the risk of future deficits and the need for borrowing.

---

### 5. Conclusion

In summary, the crowding out effect is less likely to occur in Singapore due to its prudent fiscal policy, minimal government borrowing, and strong economic fundamentals. These factors help maintain low interest rates and support sustained economic growth and investment.

---","Crowding out is generally less significant in Singapore because the government finances spending through accumulated reserves rather than borrowing from the domestic loanable funds market, thus avoiding upward pressure on interest rates.",0.8333333332916666,0.0
"Why is ""Cyclical Unemployment"" a major concern for Singapore compared to ""Structural Unemployment""?","['the\n \ndecrease\n \nin\n \nSingapore’s\n \nreal\n \nnational\n \noutput\n \nwould\n \nsuggest\n \ndemand\n \nfor\n \nworkers\n \nwould\n \ndecrease\n \nthus\n \nresulting\n \nin\n \nan\n \nincrease\n \nin\n \ncyclical\n \nunemployment\n \nin\n \nSingapore.\n \nVia\n \nthe\n \nreverse\n \nmultiplier\n \neffect\n \nwhere\n \nincome\n \ngenerates\n \nexpenditure\n \nand\n \nexpenditure\n \ngenerates\n \nincome,\n \nSingapore’s\n \nreal\n \nnational\n \nincome\n \nwould', '• Cyclical unemployment is caused by a fall in the derived demand for labour due to a \nfall in the demand for final products (output). It is also known as demand-deficient \nunemployment. \n• Structural unemployment by a mismatch between the skills of job seekers and those \nrequired in job openings. \n \n@dream', 'to\n \nconsumers.\n \nThis\n \nis\n \nlikely\n \nfor\n \nthe\n \ncase\n \nof\n \nSingapore\n \nbecause\n \nof\n \nthe\n \nlow\n \nunemployment\n \nrate\n \nin\n \nSingapore\n \nof\n \nless\n \nthan\n \n2%\n \nfor\n \nthe\n \npast\n \n10\n \nyears\n \ni.e.\n \nhigh\n \neconomic\n \ngrowth\n \nis\n \nnot\n \ndesirable.\n \n ●  (+)  Next,  to  achieve  high  economic  growth,  there  must  also  be  potential  economic  \ngrowth\n \nas\n \nillustrated\n \nby\n \nan', 'unemployment, with particular reference to the Singapore context. We will also \nstudy the impact of global (external) trends and developments on the \nnational, regional and international economies, and their implications for policy \nchoices and governmental decisions. \n \n \n \n \n \n \n \n \n \n \n \n \n \n \n \n \n \n \n \n \n \n \n \n \n \nFigure 2: Overview of Theme 3: The National Economy \n \n  \nImprove \nLiving', '3.3.2 Structural unemployment \n  3.3.3 Cyclical unemployment \n  3.3.4 Technological unemployment \n  3.3.5 Seasonal unemployment \n 3.4 Natural rate of unemployment \n 3.5 Consequences of unemployment \n \nAppendix: Lorenz Curve \n \nReference \nMankiw, Gregory N., Quah, Euston, & Wilson, Peter, Principles of Economics: An Asian \nEdition, Cengage Learning. \n \nLecture Objectives']","# Why is ""Cyclical Unemployment"" a Major Concern for Singapore Compared to ""Structural Unemployment""?

---

## Introduction

Unemployment is a key macroeconomic indicator and a major policy concern for any country, including Singapore. The distinction between cyclical and structural unemployment is crucial for understanding the nature and implications of unemployment in Singapore. This answer will explain why cyclical unemployment is a more pressing issue for Singapore relative to structural unemployment, using the provided context and relevant economic concepts.

---

## 1. Understanding the Types of Unemployment

### 1.1 Cyclical Unemployment

- **Definition:** Cyclical unemployment arises from fluctuations in the business cycle, specifically when aggregate demand falls, leading to a decrease in the demand for labor.
- **Causes:** Economic downturns, recessions, or a decline in overall output.
- **Key Point:** Cyclical unemployment is ""demand-deficient"" unemployment, meaning it is caused by a lack of demand for goods and services, which in turn reduces the demand for workers.

### 1.2 Structural Unemployment

- **Definition:** Structural unemployment occurs due to a mismatch between the skills of job seekers and the requirements of available jobs.
- **Causes:** Changes in technology, shifts in consumer preferences, or changes in the structure of the economy.
- **Key Point:** Structural unemployment is ""skills mismatch"" unemployment, meaning workers cannot find jobs because their skills do not match those required by employers.

---

## 2. The Singapore Context

### 2.1 Low Unemployment Rate

- Singapore has maintained an unemployment rate of less than 2% for the past decade.
- This low rate is largely due to sustained high economic growth and effective labor market policies.

### 2.2 High Economic Growth

- Singapore's economy has historically been characterized by strong, sustained growth.
- This growth has kept the labor market tight and unemployment low.

---

## 3. Why Cyclical Unemployment is a Major Concern

### 3.1 Vulnerability to Global Shocks

- Singapore's economy is highly integrated into global trade and is subject to external shocks (e.g., global recessions, pandemics).
- A sudden decrease in global demand can quickly reduce Singapore's real national output, leading to cyclical unemployment.

### 3.2 Reverse Multiplier Effect

- A fall in output reduces income, which in turn reduces consumer expenditure.
- This reduction in expenditure further decreases income, creating a negative feedback loop known as the reverse multiplier effect.
- This dynamic can lead to a rapid rise in cyclical unemployment.

### 3.3 Recent Examples

- The COVID-19 pandemic caused a sharp contraction in global demand, leading to a temporary spike in unemployment in Singapore.
- The government had to respond with fiscal stimulus to mitigate the impact of cyclical unemployment.

### 3.4 Policy Implications

- Policymakers must be vigilant about maintaining aggregate demand to prevent cyclical unemployment.
- Singapore's low natural rate of unemployment means that even small shocks can have significant effects on unemployment.

---

## 4. Why Structural Unemployment is Less of a Concern

### 4.1 Continuous Skills Development

- Singapore invests heavily in education and training programs to ensure workers have the necessary skills.
- The government and private sector collaborate to align education with labor market needs.

### 4.2 Flexible Labor Market

- Singapore's labor market is relatively flexible, allowing for quick adaptation to changes in the economy.
- Workers can relatively easily switch between jobs or industries.

### 4.3 Low Incidence of Structural Unemployment

- The low unemployment rate suggests that structural unemployment is not a significant barrier to employment in Singapore.

---

## 5. Consequences of Unemployment

- **Cyclical Unemployment:** Can lead to a loss of human capital, reduced consumer spending, and social unrest.
- **Structural Unemployment:** Can result in long-term poverty and social exclusion if not addressed.

---

## 6. Conclusion

In summary, cyclical unemployment is a major concern for Singapore due to its vulnerability to global economic shocks, the potential for rapid increases in unemployment during downturns, and the negative feedback loops created by the reverse multiplier effect. In contrast, structural unemployment is less of a concern because of Singapore's strong emphasis on skills development, a flexible labor market, and a low incidence of skills mismatch. Therefore, policymakers in Singapore must prioritize maintaining aggregate demand to prevent cyclical unemployment from becoming a significant issue.

---

**References:**
- Mankiw, Gregory N., Quah, Euston, & Wilson, Peter, *Principles of Economics: An Asian Edition*, Cengage Learning.
- Lecture Objectives and Context Provided.","As an export-oriented economy, Singapore is highly vulnerable to fluctuations in the global trade cycle. While structural issues exist (skills mismatch), global downturns cause rapid shifts in AD, leading to significant cyclical unemployment.",0.49999999995,0.0
"Evaluate the use of ""Carbon Taxes"" in Singapore to correct market failure.","[""©ACJC Econs Dept/2023/H2 Market Failure 68 \nArticle 1: Singapore's carbon tax could increase to $80 per tonne of \nemissions by 2030 \n \nThe carbon tax rate in Singapore will be increased from the current $5 per tonne \nof emissions to between $50 and $80 by 2030, a move that will help the nation \nreach new, more ambitious climate goals announced in Singapore Budget 2022."", 'on carbon to establish market incentives and provide the needed clarity and \nstability required for investments. Carbon tax, and supportive government \npolicies, can help to incentivise more industries and sectors to invest in research \nor technologies to reduce emissions,  she said.  “As Singapore has an export -\noriented economy, it is also important that the designed carbon tax framework', 'climate change. Carbon tax helps to reduce \nemissions and fight climate change in three \nmain ways: By increasing the cost of using \nEfforts by the government to conserve the \nenvironment are technically nullified when \nSingapore’s policy decisions continue to prioritise \neconomic growth which extensively harms the \nenvironment. This shows our lack of sincerity and', ""Singapore's carbon tax currently applies to all facilities producing at least 25,000 \ntonnes of greenhouse gas emissions in a year. They include 30 to 40 large emitters \nsuch as oil refineries, power generation plants and semiconductor companies. In total, \nthese large emitters contribute 80% of Singapore's greenhouse gas emissions."", 'discharge. \nIf the tax is big enough, producers would cut pollution to avoid paying the tax. But where this \ndoesn’t happen, the tax revenue raised could support cleaner fuels. More than 40 countries, \nincluding Singapore and several member countries of the European Union (EU), have adopted \ncarbon taxes, albeit at different stages of implementation and widely varying rates.']","**Evaluation of the Use of Carbon Taxes in Singapore to Correct Market Failure**

---

**Introduction**

Market failure occurs when the allocation of resources by the free market is inefficient, often resulting in negative externalities such as pollution. In the case of carbon emissions, the social cost of pollution exceeds the private cost borne by producers, leading to overproduction of goods that generate emissions. Governments may intervene to correct such market failures using various policy instruments, one of which is the carbon tax. This essay evaluates the use of carbon taxes in Singapore to address market failure related to carbon emissions.

---

**1. Theoretical Basis: Correcting Negative Externalities**

A carbon tax is a Pigovian tax—a tax levied on activities that generate negative externalities. By imposing a tax equal to the social cost of carbon emissions, the government internalizes the externality, making the private cost of emitting carbon equal to the social cost. This encourages firms to reduce their emissions, as doing so lowers their tax liability.

---

**2. Implementation in Singapore**

- **Tax Rate:** Singapore's carbon tax is set at $5 per tonne of emissions, with plans to increase it to between $50 and $80 by 2030.
- **Scope:** The tax applies to facilities emitting at least 25,000 tonnes of greenhouse gases annually, covering about 80% of the country’s emissions from major industries such as oil refineries, power plants, and semiconductors.
- **Policy Objectives:** The tax aims to incentivize firms to invest in cleaner technologies, support the adoption of greener fuels, and help Singapore meet its ambitious climate goals.

---

**3. Effectiveness in Correcting Market Failure**

**a. Internalization of Externalities**

By increasing the cost of emitting carbon, the carbon tax forces firms to internalize the external costs of their activities. This should, in theory, reduce the quantity of emissions produced, moving the market closer to the socially optimal level.

**b. Incentives for Innovation and Clean Technology**

The prospect of higher taxes motivates firms to innovate and adopt cleaner technologies. As noted in the context, the government hopes that the carbon tax will encourage industries to invest in research and development for emission-reducing solutions.

**c. Revenue Generation for Green Initiatives**

The revenue generated from the carbon tax can be used to support cleaner fuels and other environmental initiatives, further reducing the negative externalities associated with carbon emissions.

---

**4. Limitations and Criticisms**

**a. Scope and Coverage**

The carbon tax currently applies only to large emitters (those producing over 25,000 tonnes of emissions). While these account for 80% of the country’s emissions, smaller firms and households are not subject to the tax. This may limit the overall effectiveness of the policy in reducing emissions.

**b. Potential for Carbon Leakage**

As Singapore is an export-oriented economy, there is a risk that firms may relocate their operations to countries with lower carbon taxes, leading to “carbon leakage.” This undermines the environmental benefits of the policy.

**c. Political and Economic Priorities**

The context notes that Singapore’s policy decisions often prioritize economic growth, which can harm the environment. This raises concerns about the sincerity and consistency of the government’s commitment to addressing market failure through carbon taxes.

---

**5. Comparative Analysis**

Singapore is not alone in adopting carbon taxes; over 40 countries, including several EU nations, have implemented similar policies. The effectiveness of carbon taxes varies depending on factors such as tax rate, scope, and complementary policies.

---

**Conclusion**

The use of carbon taxes in Singapore represents a step towards correcting market failure caused by negative externalities from carbon emissions. By internalizing the social cost of pollution, the policy incentivizes firms to reduce emissions and invest in cleaner technologies. However, the policy’s effectiveness is limited by its scope, the risk of carbon leakage, and the potential conflict between environmental goals and economic priorities. For carbon taxes to be fully effective, Singapore must expand the scope of the tax, strengthen complementary policies, and ensure a genuine commitment to environmental sustainability.","A carbon tax internalizes the external cost of pollution (Negative Externality in Production). By setting a tax equal to the Marginal External Cost (MEC) at the social optimum, the MPC is shifted to the MSC, eliminating deadweight loss.",0.0,0.0
"How does the ""Singapore-Australia Free Trade Agreement (SAFTA)"" affect the domestic labor market?","['Context Singapore labour market \n \n  \n Introduction: \n• With rising trade tension between US and China, some economists believe that it would \nslowdown the growth of major economies, including China (Extract 8). This can have \nadverse impact on Singapore’s economy given these are her major trading partners, such \nas slower / weaker exports -growth since household incomes from China and US may be', 'barriers\n \nto\n \nlabour\n \nflow\n \nwhich\n \nmake\n \nit\n \ntroublesome\n \nfor\n \nlabour\n \nto\n \ntravel\n \nbetween\n \ncountries\n \nare\n \nreduced\n \nvia\n \ngovernment\n \npolicies.\n \nThis\n \nwould\n \nallow\n \nlabour\n \nfrom\n \nall\n \nover\n \nthe\n \nworld,\n \nto\n \nmigrate\n \nmore\n \nfreely\n \nto\n \nSingapore.\n \nHence,\n \nthis\n \nimproves\n \nthe\n \nefficiency\n \nof\n \nthese\n \nprocesses,\n \nmaking\n \nit\n \nmore\n \nfavourable\n \nfor', 'more expensive to produce \uf0e8 lower demand for labour (derived demand) as national \noutput fell from RNY1/ Y1 to RNY2/ Y2 \n• Effect on Singapore’s economy: fall in actual EG, Higher imported inflation, \nhigher unN \n• Consumers withhold spending given their incomes falling and in view of rising prices \n(movement along AD) \uf0e8 material SOL may fall with lesser accessibility to goods and \nservices.', 'in demand for Singapore’s exports. The more income elastic the demand for exports  is, the \ngreater will be the rise in Singapore’s exports and export earnings. \nAssuming balance of trade is in equilibrium initially, a rise in export earnings will bring about \na balance of trade surplus.  \nAdditionally, a falling domestic national income may lead to lower demand for imports which', 'consume and import more from Singapore. Export demand thus increases, leading to higher \nexport revenue.  \n• For example, our trading partners such as China have been experiencing rapid economic \ngrowth in the past few decades. Given the large domestic market in China, the growing middle']","Certainly! Here is a comprehensive, well-structured answer to your question, using only the provided context:

---

## How Does the ""Singapore-Australia Free Trade Agreement (SAFTA)"" Affect the Domestic Labor Market?

### Introduction

The Singapore-Australia Free Trade Agreement (SAFTA) is a bilateral trade agreement that aims to reduce tariffs and other trade barriers between Singapore and Australia. While the primary focus of such agreements is on goods and services, they can have significant secondary effects on the domestic labor market.

---

### 1. Increased Demand for Singaporean Labor in Australia

#### a. Expansion of Trade Opportunities

- **Access to Larger Markets:** SAFTA allows Singaporean firms to export goods to Australia with reduced tariffs and other barriers.
- **Growth in Exports:** With easier access to the Australian market, Singaporean firms may expand their operations, leading to increased production and, consequently, higher demand for labor.

#### b. Potential for Job Creation

- **Direct Employment:** As more goods are produced for export, there may be a need for additional workers in manufacturing, logistics, and related sectors.
- **Indirect Employment:** Growth in export industries can stimulate demand for services (e.g., transportation, warehousing), leading to job creation in these sectors as well.

---

### 2. Increased Inflow of Australian Labor into Singapore

#### a. Movement of Labor

- **Reduced Barriers:** SAFTA may facilitate the movement of labor between Singapore and Australia, as trade agreements often come with provisions for easier mobility of skilled workers.
- **Labor Mobility:** Australian workers may seek employment opportunities in Singapore, especially in sectors where there is a shortage of local labor.

#### b. Impact on Local Labor Market

- **Competition:** An influx of foreign labor may increase competition for jobs, potentially putting downward pressure on wages for certain occupations.
- **Labor Market Efficiency:** On the other hand, the entry of skilled Australian workers can improve the overall efficiency and skill level of the Singaporean labor market.

---

### 3. Potential for Increased Wages and Skills

#### a. Demand for Skilled Workers

- **Skill Requirements:** As trade with Australia expands, there may be a higher demand for skilled workers in sectors such as technology, finance, and engineering.
- **Wage Pressure:** This increased demand can lead to higher wages for skilled labor, especially if there is a shortage of local talent in these areas.

#### b. Training and Development

- **Investment in Skills:** To remain competitive, Singaporean firms and the government may invest more in training and development programs to enhance the skills of the local workforce.

---

### 4. Possible Negative Effects

#### a. Job Displacement

- **Adjustment Costs:** Some sectors may face adjustment costs as they adapt to increased competition from Australian imports or as local firms are unable to compete with Australian firms.
- **Potential Layoffs:** In some cases, this could lead to job displacement or reduced employment opportunities for certain groups of workers.

#### b. Wage Stagnation or Decline

- **Pressure on Wages:** If the influx of foreign labor is significant, it may put downward pressure on wages, especially for low-skilled or routine jobs.

---

### 5. Broader Economic Implications

#### a. Increased National Income

- **Growth in Exports:** With increased exports to Australia, Singapore’s national income may rise, leading to higher demand for labor across various sectors.
- **Multiplier Effect:** Increased national income can have a multiplier effect, stimulating further economic activity and job creation.

#### b. Potential for Inflation

- **Imported Inflation:** If the influx of Australian labor leads to increased production and export earnings, there may be a risk of imported inflation if the cost of imported goods rises.

---

### Conclusion

In summary, the Singapore-Australia Free Trade Agreement (SAFTA) can have a significant impact on the domestic labor market by increasing demand for Singaporean labor in Australia, facilitating the inflow of Australian labor into Singapore, and potentially leading to changes in wages and skills. While these effects can be positive, such as job creation and increased wages for skilled workers, they may also present challenges, such as increased competition and potential job displacement. The overall impact on the labor market will depend on the specific sectors affected and the ability of the Singaporean workforce to adapt to these changes.

---

**Note:** The provided context does not specifically mention the Singapore-Australia Free Trade Agreement (SAFTA). Therefore, the answer is based on general principles of free trade agreements and their potential effects on labor markets, as inferred from the context provided.","SAFTA increases market access, boosting AD and demand for labor in export sectors. However, it may increase structural unemployment in sunset industries that cannot compete with cheaper Australian imports, necessitating retraining.",0.0,0.0
